CityName;OrganisationID;OrganisationName;CountryName;CityLocation;GCoMCity;C40City
;840926;Prefeitura de Serra Talhada;Brazil;;true;false
Shenzhen;51075;City of Shenzhen;China;POINT (113.813 22.9175);false;true
;863190;Renca;Chile;;false;false
;930366;Municipalidad Distrital de Yura;Peru;;true;false
Trelleborg;60236;Trelleborg Municipality;Sweden;POINT (13.1569 55.3751);true;false
;863463;Valle de Santiago;Mexico;;true;false
Boise;54125;City of Boise, ID;USA;;false;false
Cincinnati;35857;City of Cincinnati, OH;USA;POINT (-84.512 39.1031);true;false
Piraquara;850566;Prefeitura de Piraquara;Brazil;;false;false
;54365;Kota Kinabalu City Hall;Malaysia;;true;false
San Diego;35884;City of San Diego, CA;USA;POINT (-117.163 32.7175);true;false
;930245;Prefeitura de SirinhaÃ©m;Brazil;;true;false
Milano;31173;City of Milan;Italy;POINT (9.08635 45.8026);true;true
PeÃ±alolÃ©n;60410;Municipalidad de PeÃ±alolÃ©n;Chile;POINT (-70.5302 -33.454);true;false
Mar del Plata;54607;Mar del Plata;Argentina;;false;false
;60906;Municipalidad de Vitacura;Chile;;true;false
Braga;55334;Municipality of Braga;Portugal;POINT (-8.43821 41.5337);true;false
;50397;Presidencia Municipal de Saltillo;Mexico;;true;false
Piedmont;60656;City of Piedmont, CA;USA;POINT (-122.232 37.8244);true;false
Nashville;49335;Metropolitan Government of Nashville and Davidson County, TN;USA;POINT (-86.7816 36.1627);true;false
;895694;Municipalidad de Quilicura;Chile;;false;false
Hutt City;59987;Hutt City Council;New Zealand;POINT (174.908 -41.2092);false;false
Ville de Kinshasa;36002;Ville de Kinshasa;Democratic Republic of the Congo;POINT (15.2663 -4.44193);true;false
Can Tho City;54396;Can Tho City;Vietname;;true;false
;73746;Probolinggo;Indonesia;;true;false
Manchester;35898;Greater Manchester Combined Authority;United Kingdom;POINT (-2.15783 53.4576);true;false
Saint Paul;50572;City of Saint Paul, MN;USA;POINT (-93.09 44.9537);true;false
Canberra;43928;Canberra;Australia;POINT (149.124 -35.3075);true;false
;834374;Tagum City;Philippines;;false;false
Siliguri;840122;Siliguri Municipal Corporation;India;POINT (88.4103 26.7323);true;false
Boulder;54104;City of Boulder, CO;USA;POINT (-105.252 40.0274);true;false
Nottingham;13506;Nottingham City Council;United Kingdom;;true;false
Ãgueda;55325;Municipality of Ãgueda;Portugal;POINT (-8.44582 40.5753);true;false
SÃ£o JosÃ© do Rio Preto;54614;Prefeitura da Cidade de SÃ£o JosÃ© do Rio Preto;Brazil;POINT (-49.3762 -20.8118);true;false
Toronto;31117;City of Toronto, ON;Canada;POINT (-79.3832 43.6532);true;true
Jakarta;31166;Jakarta City Government;Indonesia;POINT (106.865 -6.1751);true;true
Windsor;50578;City of Windsor, ON;Canada;POINT (-83.0364 42.3149);true;false
;852522;Cotswold District Council;United Kingdom;;false;false
New Bedford;58668;City of New Bedford, MA;USA;POINT (-70.9342 41.6362);true;false
San JosÃ©, CA;35883;City of San JosÃ©, CA;USA;POINT (-121.886 37.3382);true;false
Palmas;54650;Prefeitura de Palmas;Brazil;POINT (-48.3243 -10.2491);true;false
MedellÃ­n;35873;MedellÃ­n;Colombia;POINT (-75.5735 6.22729);true;true
;60011;City of San Jose del Monte;Philippines;;true;false
;50373;Municipalidad de Rosario;Argentina;;true;false
Santa Cruz, CA;59633;City of Santa Cruz, CA;USA;POINT (-122.031 36.9741);true;false
;54328;City of Niigata;Japan;;true;false
;930073;Quang Binh Province;Vietname;;false;false
;2621;Cambridgeshire County Council;United Kingdom;;false;false
Rio de Janeiro;31176;Prefeitura do Rio de Janeiro;Brazil;POINT (-43.5614 -22.9054);true;true
West Palm Beach;55801;City of West Palm Beach, FL;USA;POINT (-80.0534 26.7153);true;false
Athens;31149;Municipality of Athens;Greece;POINT (23.7275 37.9838);true;true
Comas;69850;Municipalidad de Comas;Peru;POINT (-77.0667 -11.95);true;false
Manizales;54611;Alcaldia de Manizales;Colombia;;true;false
;18078;Swale Borough Council;United Kingdom;;false;false
Ã…seda;859254;Uppvidinge Municipality;Sweden;;false;false
;848476;Municipalidad de CaÃ±as;Costa Rica;;true;false
Newcastle upon Tyne;13113;Newcastle City Council;United Kingdom;;true;false
Sintra;826396;Municipality of Sintra;Portugal;POINT (-9.38811 38.7984);true;false
St. Johnâ€™s;54027;City of St. John's, NL;Canada;;true;false
;854055;TultitlÃ¡n;Mexico;;false;false
YaoundÃ© 4;831618;YaoundÃ© 4;Cameroon;POINT (11.5167 3.8667);true;false
Chihuahua;50375;Ayuntamiento de Chihuahua;Mexico;POINT (-106.076 28.6368);true;false
Quezon City;54348;The Local Government of Quezon City;Philippines;POINT (120.862 15.6835);true;true
;73723;San Rafael, CA;USA;;true;false
Lilongwe;60621;Lilongwe City Council;Malawi;POINT (33.7741 -13.9626);false;false
;11315;City of Manchester;United Kingdom;;true;false
Bridgewater;60599;Town of Bridgewater, NS;Canada;POINT (-64.5188 44.3786);true;false
Santiago;31180;RegiÃ³n Metropolitana de Santiago;Chile;POINT (-70.6693 -33.4489);true;true
Durban;35863;eThekwini Municipality;South Africa;POINT (31.0218 -29.8587);true;true
;845301;Montes de Oca;Costa Rica;;true;false
Oxford;14136;Oxford City Council;United Kingdom;;true;false
BelÃ©n;58595;Municipalidad de BelÃ©n;Costa Rica;POINT (-84.1503 10.0035);true;false
Stockholm;3429;City of Stockholm;Sweden;POINT (18.0686 59.3293);true;true
Valdivia;54613;Alcaldia de Valdivia;Chile;;true;false
Wollongong;54253;Wollongong City Council;Australia;POINT (150.893 -34.4278);true;false
;895157;Lancashire County Council (City);United Kingdom;;false;false
MÃ¼nster;54439;City of MÃ¼nster;Germany;;true;false
Huddersfield;60105;Kirklees Council;United Kingdom;;true;false
La UniÃ³n;58597;Municipalidad de La UniÃ³n;Costa Rica;POINT (-83.9833 9.91667);true;false
;74670;Antalya Metropolitan Municipality;Turkey;;false;false
;859130;Handa City;Japan;;false;false
Firenze;36285;City of Florence;Italy;POINT (11.2558 43.7696);true;false
;74325;Pontianak;Indonesia;;true;false
PingtungÂ County;57347;Pingtung County Government;East Asia;POINT (120.47 22.6558);false;false
Roma;31110;City of Rome;Italy;POINT (12.2858 41.53);true;true
la Ciudad de ParanÃ¡;54620;Gobierno Municipal de la Ciudad de ParanÃ¡;Argentina;;true;false
MontrÃ©al;35894;Ville de Montreal, QC;Canada;POINT (-73.554 45.5087);true;true
Portland, OR;14874;City of Portland, OR;USA;POINT (-122.682 45.52);true;true
Madrid;31171;City of Madrid;Spain;POINT (-3.38756 40.1076);true;true
Abidjan;36004;City of Abidjan;CÃ´te d'Ivoire;POINT (-4.0083 5.36);true;true
Hoeje-Taastrup;58489;HÃ¸je-Taastrup Municipality;Denmark;POINT (12.2898 55.6563);true;false
Ã‰vora;50678;Municipality of Ã‰vora;Portugal;;true;false
Guarulhos;50387;Prefeitura de Guarulhos;Brazil;POINT (-46.5338 -23.4542);true;false
Reading;15515;Reading Borough Council;United Kingdom;;true;false
;919095;City of London (City);United Kingdom;;false;false
Salem;58871;City of Salem, MA;USA;POINT (-70.8967 42.5195);true;false
;841416;Municipalidad de Puerto Esperanza;Argentina;;true;false
;847232;Tres Arroyos;Argentina;;true;false
;862953;District of North Vancouver, BC;Canada;;false;false
Jeonju-si;44194;Jeonju City;Republic of Korea;;true;false
Providencia;59167;Municipalidad de Providencia;Chile;POINT (-70.6092 -33.4313);true;false
Greensboro;50541;City of Greensboro, NC;USA;POINT (-79.792 36.0726);true;false
Changwon;31186;Changwon City;Republic of Korea;POINT (126.949 35.1542);true;false
Saint John;54096;City of Saint John, NB;Canada;;false;false
Wuhan;54289;Wuhan Municipal People's Government;China;POINT (114.325 30.6435);false;true
;843399;Wandsworth Council;United Kingdom;;true;false
;44080;City of Kitakyushu;Japan;;true;false
;839668;Municipio de Iztapa;Guatemala;;true;false
;930252;Subang Jaya;Malaysia;;true;false
Santa Catarina;840153;Municipality of Santa Catarina;Mexico;POINT (-100.458 25.6732);false;false
;848564;City of Zadar;Croatia;;true;false
;848122;Alajuela;Costa Rica;;true;false
;863205;Gorontalo Regency;Indonesia;;false;false
Boa Vista;54706;Prefeitura Municipal de Boa Vista;Brazil;POINT (-60.6779 2.83067);true;false
Columbia, MO;54100;City of Columbia, MO;USA;POINT (-92.3341 38.9517);true;false
Sheffield;60069;Sheffield City Council;United Kingdom;;false;false
;866890;City of Prairie Village, KS;USA;;false;false
New Taipei;56276;New Taipei City Government;East Asia;POINT (121.446 25.0111);true;false
;862501;Concordia;Argentina;;true;false
;841003;Ayuntamiento de Apodaca;Mexico;;false;false
;827048;Zhenjiang Municipal People's Government;China;;false;true
Tel Aviv-Yafo;35885;Tel Aviv-Yafo Municipality;Israel;POINT (34.7823 32.0816);false;true
;866940;FokouÃ©;Cameroon;;true;false
;834406;Municipality of San Pedro Tlaquepaque;Mexico;;true;false
Santos;50396;Prefeitura Municipal de Santos;Brazil;POINT (-46.3289 -23.9679);true;false
;10806;London Borough of Enfield;United Kingdom;;false;false
Torres Vedras;19233;Municipality of Torres Vedras;Portugal;POINT (-9.30148 38.7637);true;false
GÃ¶teborg;42384;City of Gothenburg;Sweden;POINT (11.9328 57.7004);true;false
Colina;60407;Municipalidad de Colina;Chile;POINT (-70.684 -33.2043);false;false
;930367;Municipio de Montecristi;Ecuador;;true;false
Barcelona;1499;City of Barcelona;Spain;POINT (2.1775 41.3823);true;true
;863201;Sanggau Regency;Indonesia;;false;false
Helsingborg;54518;City of Helsingborg;Sweden;;true;false
Amman;54337;Greater Amman Municipality;Jordan;POINT (35.9284 31.9454);true;true
;59532;City of Hoboken, NJ;USA;;false;false
Fremont;54124;City of Fremont, CA;USA;POINT (-121.989 37.5483);true;false
;917874;Aberdeenshire Council;United Kingdom;;false;false
Tangerang City;54318;Government of Tangerang City;Indonesia;;true;false
Thunder Bay;54098;City of Thunder Bay, ON;Canada;POINT (-89.2477 48.3809);true;false
Recife;35872;Municipality of Recife;Brazil;POINT (-34.8829 -8.05783);true;false
Park City;14344;City of Park City, UT;USA;POINT (-111.498 40.6461);true;false
Vantaa;60185;City of Vantaa;Finland;;true;false
Hong Kong;31169;Government of Hong Kong Special Administrative Region;China;POINT (114.14 22.2881);true;true
;838939;Kocaeli Metropolitan Municipality;Turkey;;true;false
Puerto Princesa;59985;City of Puerto Princesa;Philippines;POINT (118.73 9.74069);true;false
Oslo;14088;Oslo Municipality;Norway;POINT (10.7522 59.9139);true;true
Miami;35870;City of Miami, FL;USA;POINT (-80.1918 25.7617);false;true
;54327;Semarang City Government;Indonesia;;false;false
;840514;Blitar City;Indonesia;;false;false
Cambridge, MA;55800;City of Cambridge, MA;USA;POINT (-71.1057 42.3674);true;false
;54360;Shah Alam City Council;Malaysia;;true;false
Seattle;16581;City of Seattle, WA;USA;POINT (-122.332 47.6062);true;true
Waterford;862814;South-East Region of Ireland (Kilkenny, Carlow, Wexford, and Waterford Counties);Ireland;POINT (-7.14535 52.2454);false;false
Yeosu-si;44210;Yeosu City;Republic of Korea;;true;false
;845307;Zarcero;Costa Rica;;true;false
Adelaide;32480;City of Adelaide;Australia;POINT (138.601 -34.9285);true;false
;848567;Mid-America Regional Council;USA;;true;false
Vitoria-Gasteiz;46470;Municipality of Vitoria-Gasteiz;Spain;POINT (-2.67 42.84);true;false
Independencia;59166;Municipalidad de Independencia;Chile;POINT (-68.8154 -32.8421);true;false
Moreland;54263;Merri-bek City Council;Australia;;true;false
Middelfart;59180;Middelfart Municipality;Denmark;POINT (9.87264 55.471);true;false
Whitby;840269;Town of Whitby, ON;Canada;;true;false
Amsterdam;31148;Municipality of Amsterdam;Netherlands;POINT (4.89516 52.3702);true;true
FlorianÃ³polis;50384;Prefeitura de FlorianÃ³polis;Brazil;POINT (-48.5482 -27.595);true;false
;73669;San Luis Obispo, CA;USA;;true;false
Manhattan Beach;59653;City of Manhattan Beach, CA;USA;POINT (-118.405 33.8889);true;false
Columbus;43910;City of Columbus, OH;USA;POINT (-82.9988 39.9612);true;false
The Hague;43930;Municipality of The Hague;Netherlands;POINT (4.3007 52.0705);true;false
Kyoto;49389;Kyoto City;Japan;;true;false
;852443;Ferndale, MI;USA;;true;false
Makati;54354;City Government of Makati;Philippines;POINT (121.024 14.5547);true;false
;68250;City of Canada Bay;Australia;;false;false
Ottawa;43911;City of Ottawa, ON;Canada;POINT (-75.6972 45.4215);true;false
Unley;840075;Unley City Council;Australia;POINT (138.6 -34.95);true;false
North Vancouver;59669;City of North Vancouver, BC;Canada;POINT (-123.072 49.32);true;false
Charlotte;43914;City of Charlotte, NC;USA;POINT (-80.8431 35.2271);true;false
;74771;Kisii County;Kenya;;false;false
Orlando;43909;City of Orlando, FL;USA;POINT (-81.3792 28.5383);true;false
;900978;Manzanillo;Cuba;;false;false
Aarhus;54408;Aarhus Municipality;Denmark;POINT (10.1374 56.1684);true;false
;924776;Tambrauw Regency;Indonesia;;false;false
Derry;60168;Derry City & Strabane;United Kingdom;;true;false
;848259;Mongua;Colombia;;true;false
;839672;Municipalidad Distrital de La Molina;Peru;;true;false
;849023;Uruapan;Mexico;;true;false
Belfast;841960;City of Belfast, ME;USA;POINT (-69 44.42);true;false
Iowa City;54111;City of Iowa City, IA;USA;POINT (-91.5302 41.6611);true;false
Delhi;31157;City of Delhi;India;POINT (77.1025 28.704);false;true
Chapala;826209;Aipromades Lago de Chapala;Mexico;POINT (-103.191 20.2962);true;false
Campinas;35897;Municipality of Campinas;Brazil;POINT (-47.0616 -22.9064);true;false
;834157;Hang Tuah Jaya Municipal Council;Malaysia;;true;false
Palo Alto;54119;City of Palo Alto, CA;USA;POINT (-122.143 37.4419);true;false
Mendoza;50357;Ciudad de Mendoza;Argentina;POINT (-68.8458 -32.8894);true;false
Addis Ababa;31146;Addis Ababa City Administration;Ethiopia;POINT (38.7544 9.02887);true;true
Copenhagen;31009;Copenhagen Municipality;Denmark;POINT (12.5683 55.6761);true;true
;834141;Huddinge Municipality;Sweden;;false;false
Richmond;54144;City of Yarra;Australia;;true;false
Porto;46514;City of Porto;Portugal;POINT (-8.6291 41.1579);true;false
;848981;City of Ormoc;Philippines;;true;false
;927260;City of Grand Junction, CO;USA;;false;false
;848474;Richmond Council;United Kingdom;POINT (-0.32574 51.448);true;false
Hermosillo;50361;Ayuntamiento de Hermosillo;Mexico;POINT (-110.961 29.0892);true;false
San Francisco;31182;City of San Francisco, CA;USA;POINT (-122.419 37.7749);true;true
;60003;Baguio City;Philippines;;true;false
;68375;Prefeitura de Abaetetuba;Brazil;;true;false
;55379;Santa FÃ© Ciudad;Argentina;;true;false
Asheville;54114;City of Asheville, NC;USA;POINT (-82.5515 35.5951);false;false
;859253;Mora Municipality;Sweden;;false;false
;930371;BaÃ±os de Agua Santa;Ecuador;;false;false
Cascais;50680;Municipality of Cascais;Portugal;POINT (-9.42229 38.697);true;false
Pietermaritzburg;37261;City of Pietermaritzburg;South Africa;POINT (30.3794 -29.6006);true;false
;59677;City of Mountain View, CA;USA;;false;false
Tampico;50370;Municipalidad de Tampico;Mexico;POINT (-99.0173 19.3599);true;false
Saanich;59572;District of Saanich, BC;Canada;POINT (123.378 48.4594);true;false
;863407;Town of Durham, NH;USA;;true;false
;895653;North Minahasa;Indonesia;;true;false
Takoma Park;59563;City of Takoma Park, MD;USA;POINT (-77.0075 38.9779);true;false
Mexico City;31172;Mexico City;Mexico;POINT (-99.1332 19.4326);true;true
New Orleans;13067;City of New Orleans, LA;USA;POINT (-90.0715 29.9511);true;true
Guadalajara;35867;Region Metropolitana de Guadalajara;Mexico;POINT (-103.35 20.6597);true;true
San Isidro (Lima);60392;Municipalidad de San Isidro (Lima);Peru;POINT (-77.0273 -12.0977);true;false
;73707;Totoras;Argentina;;true;false
;930254;Thua Thien Hue Province;Vietname;;false;false
Buenos Aires;31155;City of Buenos Aires;Argentina;POINT (-58.3816 -34.6037);true;true
Bangalore;35907;Bengaluru;India;POINT (77.5946 12.9716);false;true
;834261;Municipality of Irapuato;Mexico;;true;false
Tiruchirappalli;840131;Tiruchirappalli City Municipal Corporation;India;POINT (78.68 10.8);true;false
;54331;City of Sagamihara;Japan;;false;false
Cupertino;64014;City of Cupertino, CA;USA;POINT (-122.032 37.323);true;false
;929628;Dharmasraya City;Indonesia;;false;false
Murcia;54498;Municipality of Murcia;Spain;POINT (-1.00495 37.799);true;false
Vancouver;20113;City of Vancouver, BC;Canada;POINT (-123.114 49.2612);true;true
;73667;San Rafael de Heredia;Costa Rica;;true;false
;59696;City of Longmont, CO;USA;;false;false
;73759;Jambi City;Indonesia;;true;false
Petaling Jaya;54361;Petaling Jaya City Council;Malaysia;POINT (101.595 3.1279);true;false
Iida-shi;55161;City of Iida;Japan;;false;false
London, ON;50558;City of London, ON;Canada;POINT (-81.2497 42.9837);true;false
;834126;Dobong-gu District of Seoul;Republic of Korea;;true;false
;54330;City of Kawasaki;Japan;;false;false
;834255;Municipality of GuaymallÃ©n;Argentina;;true;false
Sunderland;54537;Sunderland City Council;United Kingdom;;true;false
NiterÃ³i;57509;Prefeitura de NiterÃ³i;Brazil;POINT (-43.1184 -22.8928);true;false
;834161;Kinmen County Government;East Asia;;false;false
Figueira da Foz;826429;Municipality of Figueira da Foz;Portugal;POINT (-8.8576 40.1521);true;false
;849051;Udaipur Municipal Corporation;India;;true;false
;866486;City of Trebinje;Bosnia & Herzegovina;POINT (18.3503 42.7082);false;false
;862480;Ibarra;Ecuador;;false;false
;826201;Ayuntamiento de Zapopan;Mexico;;true;false
Ajax, ON;60602;Town of Ajax, ON;Canada;POINT (-79.0204 43.8509);false;false
;930332;City of Orillia, ON;Canada;;false;false
Las Vegas;10495;City of Las Vegas, NV;USA;POINT (-115.14 36.1699);true;false
Chicago;3203;City of Chicago, IL;USA;POINT (-87.6298 41.8781);true;true
Curitiba;31156;Municipality of Curitiba;Brazil;POINT (-49.2647 -25.4311);true;true
;929501;Algarrobo;Chile;;true;false
;54305;Rajkot Municipal Corporation;India;;true;false
ParaÃ­so;845302;ParaÃ­so;Costa Rica;POINT (-83.8656 9.83832);true;false
;74462;Village of Oak Park, IL;USA;;false;false
;59956;Banda Aceh City Government;Indonesia;;true;false
Dar es Salaam;35893;City of Dar es Salaam;United Republic of Tanzania;POINT (39.2083 -6.79235);true;true
Lexington, MA;73530;Town of Lexington, MA;USA;POINT (-71.2269 42.4443);true;false
St Catharines;50559;City of St Catharines, ON;Canada;POINT (-79.2469 43.1594);true;false
Guelph;54084;City of Guelph, ON;Canada;POINT (80.25 43.55);true;false
;5871;Essex County Council;United Kingdom;;false;false
Newcastle;54265;City of Newcastle;Australia;;true;false
;827047;Fuzhou Municipal People's Government;China;;false;true
Daegu-si;44180;Daegu Metropolitan City;Republic of Korea;;true;false
;54341;Toyama City;Japan;;true;false
;863202;Trenggalek Regency;Indonesia;;false;false
;866903;Prefeitura de Itapipoca;Brazil;;true;false
Krakow;50235;City of KrakÃ³w;Poland;POINT (19.945 50.0647);true;false
Calgary;35475;City of Calgary, AB;Canada;POINT (-114.071 51.0486);true;false
Matosinhos;50669;Municipality of Matosinhos;Portugal;;true;false
;54349;Balikpapan City Government;Indonesia;POINT (116.831 -1.26539);true;false
;73645;KwaDukuza;South Africa;;true;false
Tacoma;54026;City of Tacoma, WA;USA;POINT (-122.444 47.2529);true;false
Uppsala;54513;Uppsala Municipality;Sweden;POINT (17.635 59.8536);true;false
City of Sydney;31114;City of Sydney;Australia;POINT (151.207 -33.8675);true;true
Kingston;53829;City of Kingston, ON;Canada;;true;false
London;3422;Greater London Authority;United Kingdom;POINT (-0.07868 51.5048);true;true
Tokyo;31111;Tokyo Metropolitan Government;Japan;POINT (139.41 35.41);true;true
;73810;Miami-Dade, FL;USA;;true;false
Qingdao;54290;Qingdao Municipal Government;China;POINT (120.356 36.1105);false;true
;74671;KadÄ±kÃ¶y;Turkey;POINT (29.0585 40.98);true;false
Freetown;49367;Freetown City;Sierra Leone;POINT (-13.2317 8.4657);true;true
York;58613;City of York Council;United Kingdom;;true;false
;74488;City of Beverly, MA;USA;;false;false
Prague;15014;City of Prague;Czechia;POINT (14.4378 50.0755);true;false
Berkeley;37241;City of Berkeley, CA;USA;;true;false
;54340;Adachi City;Japan;;false;false
Ciudad Madero;848145;Ciudad Madero;Mexico;POINT (-97.8362 22.2723);true;false
Gondar;60625;Dire Dawa;Ethiopia;;true;false
Hove;54530;City of BrightonÂ & Hove;United Kingdom;;true;false
;930608;Municipalidad Distrital de Moche;Peru;;true;false
;50358;Gobierno Municipal de Toluca de Lerdo;Mexico;;true;false
Mafra;832078;Municipality of Mafra;Portugal;POINT (-9.32771 38.9385);false;false
Edmonton;43912;City of Edmonton, AB;Canada;POINT (-113.491 53.5444);true;false
Phoenix;35874;City of Phoenix, AZ;USA;POINT (-112.074 33.4484);true;true
;74575;Dane County, WI;USA;;false;false
;929630;Pasaman Regency;Indonesia;;false;false
Gaziantep;50203;Gaziantep Metropolitan Municipality;Turkey;;true;false
Boston;35268;City of Boston, MA;USA;POINT (-71.0598 42.3584);true;true
Naga;73737;City of Naga, Camarines Sur;Philippines;;true;false
;859128;Makinohara City;Japan;;false;false
Heidelberg;31165;City of Heidelberg;Germany;POINT (8.67243 49.3988);true;true
;73802;Crespo;Argentina;;true;false
Pasto;54603;Alcaldia de Pasto;Colombia;POINT (-77.1641 1.12525);true;false
Taoyuan;54395;Taoyuan City Government;East Asia;POINT (121.301 24.9931);true;false
Dangjin-si;44299;Dangjin City;Republic of Korea;;true;false
Kisumu;60142;City of Kisumu;Kenya;POINT (34.7679 -0.0917);true;false
;73892;HolbÃ¦kÂ Municipality;Denmark;;true;false
Lappeenranta;60078;City of Lappeenranta;Finland;;false;false
Ekurhuleni;35864;Ekurhuleni Metropolitan Municipality;South Africa;POINT (28.3462 -26.1777);true;true
Miami Beach;63999;City of Miami Beach, FL;USA;POINT (-80.13 25.7906);true;false
Wakefield;60115;Wakefield Council;United Kingdom;POINT (-1.50369 53.6842);false;false
;847236;Ramona;Argentina;;true;false
Leeds;10595;Leeds City Council;United Kingdom;;true;false
;68337;Bekasi City Government;Indonesia;;false;false
;859179;Nagasaki City;Japan;;false;false
;834096;City of Richmond, BC;Canada;;false;false
;840428;Hua-Hin Municipality;Thailand;;true;false
BogotÃ¡;31154;BogotÃ¡ Distrito Capital;Colombia;POINT (-74.0721 4.711);true;true
;862932;Superior, CO;USA;;false;false
;73728;North Miami, FL;USA;;true;false
Belo Horizonte;35848;Municipality of Belo Horizonte;Brazil;POINT (-43.9345 -19.9167);true;false
;73637;Steve Tshwete;South Africa;;true;false
;60384;AlcaldÃ­a de Yopal;Colombia;;false;false
Tainan;54386;Tainan City Government;East Asia;POINT (120.227 22.9999);true;false
Peterborough;54088;City of Peterborough, ON;Canada;;false;false
Treviso;36517;City of Treviso;Italy;;false;false
;918147;FanÃ¸ Municipality;Denmark;POINT (8.4145 55.413);false;false
;831234;City of Fredericton, NB;Canada;;true;false
Lisbon;36159;City of Lisbon;Portugal;POINT (-9.13933 38.7223);true;true
Faro;50673;Municipality of Faro;Portugal;POINT (-7.93044 37.0194);true;false
;60281;Prefeitura de Caucaia;Brazil;;false;false
;73666;Cuyahoga County, OH;USA;;true;false
Reno;54128;City of Reno, NV;USA;POINT (-119.814 39.5296);true;false
;832610;Orange County, NC;USA;;true;false
Coventry;31051;Coventry City Council;United Kingdom;POINT (-1.51217 52.4066);false;false
Buffalo;54593;Buffalo City Metropolitan Municipality;South Africa;POINT (27.6431 32.9318);false;false
Leicester;54529;City of Leicester;United Kingdom;POINT (-1.1333 52.6333);true;false
;832300;North Tyneside Council;United Kingdom;;true;false
Gwangmyeong-si;44205;Gwangmyeong City;Republic of Korea;;true;false
Ljubljana;43920;City Municipality of Ljubljana;Slovenia;POINT (14.5058 46.0569);true;false
Miraflores;60399;Municipalidad de Miraflores;Peru;POINT (-71.5366 -16.3994);true;false
Fort Collins;54066;City of Fort Collins, CO;USA;POINT (-105.084 40.5853);true;false
YaoundÃ© 3;831620;YaoundÃ© 3;Cameroon;POINT (11.31 3.52);true;false
;930559;Suphanburi;Thailand;;true;false
;852466;South Gloucestershire Council;United Kingdom;;false;false
;61467;Dipolog City;Philippines;;true;false
GuimarÃ£es;55324;Municipality of GuimarÃ£es;Portugal;POINT (-8.29224 41.4443);true;false
Bristol;2185;Bristol City Council;United Kingdom;;true;false
;852445;Gainesville, FL;USA;;false;false
Gibraltar;50650;City of Gibraltar;Gibraltar;POINT (-5.35359 36.1408);true;false
Prince George;60603;City of Prince George, BC;Canada;POINT (-122.75 53.9171);false;false
Byron Shire;58543;Byron Shire Council;Australia;POINT (153.533 -28.6534);true;false
;930269;El Santuario;Colombia;;false;false
Lagos;31167;City of Lagos;Nigeria;POINT (3.3792 6.52437);true;true
;862760;City of Oxford, OH;USA;;true;false
Bogor;54329;Bogor City Government;Indonesia;POINT (106.806 -6.5971);true;false
Montevideo;42388;Intendencia de Montevideo;Uruguay;POINT (-58.2987 -34.7112);true;false
ZÃ¼rich;35449;City of ZÃ¼rich;Switzerland;POINT (8.53918 47.3686);true;false
;894137;Cao Lanh;Vietname;;true;false
Arlington;55799;Arlington, VA;USA;POINT (-76.0026 37.2265);true;false
Dundee;60113;Dundee City Council;United Kingdom;;true;false
SÃ£o Paulo;31184;Prefeitura de SÃ£o Paulo;Brazil;POINT (-46.7382 -23.5595);true;true
Rio Branco;51374;Prefeitura de Rio Branco;Brazil;POINT (-40.3776 -20.3338);true;false
Istanbul;31163;Istanbul Metropolitan Municipality;Turkey;POINT (28.9784 41.0082);true;true
;931095;Lake District National Park Authority;United Kingdom;;false;false
;60337;Prefeitura de QuissamÃ£;Brazil;;true;false
JoÃ£o Pessoa;50394;Prefeitura Municipal de JoÃ£o Pessoa;Brazil;POINT (-34.8639 -7.16882);true;false
;930072;Quang Tri Province;Vietname;;false;false
;840024;Perth and Kinross;United Kingdom;;true;false
Santa Cruz de GalÃ¡pagos;69849;Santa Cruz de GalÃ¡pagos;Ecuador;POINT (-90.42 -0.38);false;false
Duluth;54105;City of Duluth, MN;USA;;false;false
JISOC;826208;Junta Intermunicipal de Medio Ambiente de Sierra Occidental y Costa (JISOC);Mexico;POINT (-104.783 20.517);false;false
Dakar;36032;Ville de Dakar;Senegal;POINT (-17.366 14.7645);true;true
Boulder County;74414;Boulder County, CO;USA;POINT (-105.5 40.15);false;false
Berlin;31153;City of Berlin;Germany;POINT (13.405 52.52);true;true
Hue;834144;Hue City;Vietname;POINT (107.562 16.4498);true;false
Siaya;74768;Siaya County;Kenya;POINT (34.2876 0.0572);false;false
San Fernando;840158;City of San Fernando, La Union;Philippines;POINT (120.19 16.37);false;false
MalmÃ¶;43940;City of MalmÃ¶;Sweden;POINT (13.0038 55.605);true;false
Cape Town;35858;City of Cape Town;South Africa;POINT (18.4239 -33.9253);true;true
;839666;Municipio de Escuintla;Guatemala;;true;false
Torino;35886;City of Turin;Italy;POINT (7.668 45.1006);true;false
;918355;Municipality of Koekelberg;Belgium;POINT (4.3265 50.8629);true;false
Salt Lake City;31177;Salt Lake City, UT;USA;POINT (-111.891 40.7608);true;false
Pemba;73252;Pemba Municipality;Mozambique;POINT (40.5178 -12.9732);true;false
Genova;36262;City of Genoa;Italy;POINT (9.31841 44.348);true;false
;929561;Kribi 1;Cameroon;;true;false
;826108;Ayuntamiento de ConcepciÃ³n de Buenos Aires;Mexico;;true;false
Karsiyaka;841980;Karsiyaka Municipality;Turkey;POINT (27.1152 38.4596);true;false
;862705;Comodoro Rivadavia;Argentina;;true;false
Philadelphia;31181;City of Philadelphia, PA;USA;POINT (-75.1638 39.9523);true;true
;848137;Beteitiva;Colombia;;true;false
ReykjavÃ­k;54459;City of ReykjavÃ­k;Iceland;POINT (-21.8174 64.1265);true;false
Bloomington;54109;City of Bloomington, IN;USA;POINT (-86.5264 39.1653);true;false
City of Melbourne;31109;City of Melbourne;Australia;POINT (144.967 -37.8144);true;true
;852480;Howard County, MD;USA;;false;false
JundiaÃ­;54647;Prefeitura de JundiaÃ­;Brazil;POINT (-46.8978 -23.1857);false;false
Playa del Carmen;57877;Playa del Carmen;Mexico;POINT (-87.0739 20.6295);true;false
Mbabane;60640;Mbabane City Council;Eswatini;;false;false
;54268;Dunedin City Council;New Zealand;;true;false
Kampala;44077;Kampala City;Uganda;;true;false
Lund;54519;Lund Municipality;Sweden;;true;false
;895681;Majlis Bandaraya Iskandar Puteri;Malaysia;;true;false
Akureyri;59151;City of Akureyri;Iceland;POINT (-18.1262 65.6885);true;false
;863206;Langsa City;Indonesia;;false;false
;863470;Nueva Loja;Ecuador;;true;false
Viseu;50674;Municipality of Viseu;Portugal;POINT (-7.91247 40.6566);true;false
SÃ¶derhamn;60238;SÃ¶derhamn Municipality;Sweden;;false;false
;841269;Municipalidad de Montecarlo;Argentina;;true;false
;841491;Muar Municipal Council;Malaysia;;true;false
Grand Rapids;54034;City of Grand Rapids, MI;USA;;true;false
;867237;FÃ¦rder Municipality;Norway;POINT (10.5519 58.9963);false;false
;73722;Mornington Peninsula Shire;Australia;;true;false
South Bend;63562;City of South Bend, IN;USA;POINT (41.6754 -86.2532);true;false
Wellington;43937;Wellington City Council;New Zealand;POINT (174.776 -41.2865);true;false
Basel;31151;City of Basel;Switzerland;POINT (7.5928 47.5619);true;false
Warsaw;31185;City of Warsaw;Poland;POINT (21.0122 52.2297);true;true
La Crosse;73295;City of La Crosse, WI;USA;POINT (-91.2476 43.8166);true;false
;929500;MUNICIPALIDAD DE SURQUILLO;Peru;;true;false
Sofia;43917;Capital Municipality of Sofia;Bulgaria;POINT (23.3219 42.6977);true;false
Aspen;52897;City of Aspen, CO;USA;POINT (-106.837 39.195);true;false
Henderson;50545;City of Henderson, NV;USA;;false;false
Long Beach;50551;City of Long Beach, CA;USA;POINT (-118.194 33.7701);true;false
;834284;Municipality of Salamanca;Mexico;;false;false
;74673;Ä°zmir Metropolitan Municipality;Turkey;;true;false
;862419;Sumbawa Regency;Indonesia;;false;false
;74463;Village of Park Forest, IL;USA;;false;false
Saskatoon;50568;City of Saskatoon, SK;Canada;POINT (-106.67 52.1332);true;false
Santa Monica;54110;City of Santa Monica, CA;USA;POINT (-118.481 34.0219);true;false
Klaipeda;60125;KlaipÄ—da City Municipality;Lithuania;;false;false
Austin;1184;City of Austin, TX;USA;POINT (-97.7431 30.2672);true;true
Frederikshavn;60577;Frederikshavn Municipality;Denmark;POINT (10.521 57.4427);true;false
;63608;City of Melville;Australia;;true;false
;831431;Cornwall Council;United Kingdom;;true;false
Atlanta;1093;City of Atlanta, GA;USA;POINT (-84.388 33.749);true;false
;848565;Chicago Metropolitan Mayors Caucus;USA;;true;false
;826450;Durham County Council;United Kingdom;;true;false
Strasbourg;54419;City and Metropolitan Municipality of Strasbourg;France;;true;false
Nakuru;60140;City of Nakuru;Kenya;POINT (36.08 -0.30309);true;false
Kaohsiung;31112;Kaohsiung City Government;East Asia;POINT (120.344 22.6297);true;false
;862852;City of Cannes;France;POINT (7.0174 43.5528);false;false
Medford;58513;City of Medford, MA;USA;POINT (-122.876 42.3265);true;false
Charlottesville;59545;City of Charlottesville, VA;USA;POINT (-78.4767 38.0293);true;false
;826211;Junta Intermunicipal de Medio Ambiente Altos Sur (JIAS);Mexico;;false;false
;930374;Municipalidad San Pablo de Heredia;Costa Rica;;true;false
Tshwane;49360;City of Tshwane;South Africa;POINT (28.1881 -25.7461);true;true
Tampere;54403;City of Tampere;Finland;POINT (23.761 61.4978);true;false
Busan-si;35856;Busan Metropolitan City;Republic of Korea;;true;false
San Antonio;43905;City of San Antonio, TX;USA;POINT (-98.4936 29.4241);true;false
;930569;Ayuntamiento de San CristÃ³bal de las Casas;Mexico;;false;false
;895257;Prefeitura de Barcarena;Brazil;;true;false
;862482;San Pedro Garza GarcÃ­a;Mexico;;false;false
Nairobi;35913;City of Nairobi;Kenya;POINT (36.8219 -1.29206);true;true
London;841955;Hammersmith and Fulham London Borough Council;United Kingdom;POINT (-0.25 51.5);false;false
Beaverton;59657;City of Beaverton, OR;USA;POINT (-122.797 45.4857);true;false
Kansas City;49330;Kansas City, MO;USA;POINT (-94.573 39.1429);false;false
Little Rock;54030;City of Little Rock, AR;USA;POINT (-92.2896 34.7465);false;false
Barueri;54699;Prefeitura Municipal de Barueri;Brazil;;false;false
;841525;Blackburn with Darwen Borough Council;United Kingdom;;false;false
Glasgow;31055;Glasgow City Council;United Kingdom;POINT (-4.21278 55.8593);true;false
Turku;50154;City of Turku;Finland;POINT (22.2666 60.4518);true;false
;834347;Seberang Perai Municipal Council;Malaysia;POINT (100.383 5.38333);true;false
Fortaleza;35865;Municipality of Fortaleza;Brazil;POINT (-48.3936 -10.7183);true;false
Hvidovre;60433;Hvidovre Municipality;Denmark;POINT (12.4754 55.6425);true;false
;866887;City of Bexley, OH;USA;;false;false
;826380;Junta Intermunicipal de la Cuenca Baja del Rio Ayuquila (JIRA);Mexico;;false;false
;919724;GÃ¤llivare Municipality;Sweden;POINT (20.6594 67.1379);false;false
;841098;Municipalidad Distrital de Chimbote;Peru;;true;false
JÃ¶nkÃ¶ping;54509;JÃ¶nkÃ¶ping Municipality;Sweden;;false;false
;894047;General Ramirez;Argentina;;true;false
;866900;Delicias;Mexico;;true;false
Flagstaff;54113;City of Flagstaff, AZ;USA;POINT (-111.631 35.1992);true;false
;74375;Itabashi;Japan;;false;false
Birmingham;833284;West Midlands Combined Authority;United Kingdom;;false;false
;826425;Municipality of Caldas da Rainha;Portugal;;true;false
;852471;Solihull Council;United Kingdom;;false;false
Antananarivo;36223;Antananarivo;Madagascar;POINT (47.5237 -18.905);false;false
Omaha;49347;City of Omaha, NE;USA;;false;false
Birmingham;1850;Birmingham City Council;United Kingdom;;true;false
Allentown;49346;City of Allentown, PA;USA;;false;false
;54277;New Plymouth District Council;New Zealand;POINT (174.354 -39.1011);true;false
CuiabÃ¡;50386;Prefeitura de CuiabÃ¡;Brazil;POINT (-52.2663 -15.882);true;false
;919725;Ã…tvidaberg Municipality;Sweden;POINT (15.9977 58.2008);false;false
BrasÃ­lia;35995;Distrito Federal (BrasÃ­lia);Brazil;POINT (-47.8822 -15.7942);true;false
;841490;Penampang District Council;Malaysia;;true;false
Hanoi;31158;Hanoi City;Vietname;POINT (105.815 21.0258);false;true
Mesa;50554;City of Mesa, AZ;USA;;false;false
Nijmegen;54478;Municipality of Nijmegen;Netherlands;POINT (5.84282 51.8449);true;false
;859097;Yamato City;Japan;;false;false
Broward;63941;Broward County, FL;USA;POINT (80.3659 26.1901);false;false
;73726;ItagÃ¼Ã­;Colombia;;true;false
Pereira;54617;Alcaldia de Pereira;Colombia;POINT (-75.6906 4.80871);true;false
;54352;City of Muntinlupa;Philippines;;true;false
Zaragoza;46473;Municipality of Saragossa (Spain);Spain;POINT (-0.88701 41.6086);true;false
;863412;City of Tumwater, WA;USA;;true;false
Knoxville;54048;City of Knoxville, TN;USA;POINT (-83.9207 35.9606);true;false
;831952;Municipalidad de Portoviejo;Ecuador;;true;false
Matsuyama-shi;55181;City of Matsuyama;Japan;;false;false
;895654;Segamat;Malaysia;;true;false
Rionegro;69968;Alcaldia de Rionegro;Colombia;POINT (-75.3739 6.15316);true;false
Rochester;49342;City of Rochester, NY;USA;POINT (-77.6109 43.161);true;false
Quelimane;71557;Quelimane Municipal Council;Mozambique;POINT (36.9218 -17.8503);true;false
;50377;Municipio de QuerÃ©taro;Mexico;;true;false
LuleÃ¥;60226;LuleÃ¥ Municipality;Sweden;;true;false
;840521;City of Denizli;Turkey;;true;false
Santa Marta;60381;AlcaldÃ­a Distrital de Santa Marta;Colombia;POINT (-74.2127 11.2453);false;false
Fort Lauderdale;52896;City of Fort Lauderdale, FL;USA;;false;false
;4570;Derbyshire County Council;United Kingdom;;false;false
;73752;Bontang City;Indonesia;;true;false
;930413;Municipio de Santa Elena;Ecuador;;false;false
;839669;Municipio de San Jose;Guatemala;;false;false
Amarante;831674;Municipality of Amarante;Portugal;;false;false
;842012;City of Burlington, ON;Canada;;true;false
YaoundÃ© 6;59298;YaoundÃ© 6;Cameroon;POINT (11.5191 3.86181);true;false
;73533;Intendencia de Canelones;Uruguay;;true;false
Lucca;36477;City of Lucca;Italy;POINT (10.6174 43.8399);true;false
Santiago de Guayaquil;36045;Santiago de Guayaquil;Ecuador;POINT (-79.9223 -2.17099);true;false
Boynton Beach;74594;City of Boynton Beach, FL;USA;POINT (-80.216 26.4986);true;false
Somerville;58531;City of Somerville, MA;USA;POINT (-71.0826 42.3934);true;false
Indianapolis;43907;City of Indianapolis, IN;USA;POINT (-86.1785 39.7676);true;false
;931087;Municipalidad Provincial de Huamanga;Peru;;false;false
;929965;Ã‡orlu Belediyesi;Turkey;;false;false
Baltimore;35853;City of Baltimore, MD;USA;POINT (-76.6122 39.2904);true;false
Breckenridge;74418;Town of Breckenridge, CO;USA;POINT (106.038 39.4817);false;false
;863405;City of Boca Raton, FL;USA;;false;false
;850585;Municipality of Ambato;Ecuador;;true;false
Fukuoka;36218;Fukuoka City;Japan;;false;false
;849052;Empedrado;Argentina;;true;false
;54335;Government of the City of Yogyakarta;Indonesia;;false;false
Santiago;60393;Municipalidad de Santiago;Chile;POINT (-70.6483 -33.4569);true;false
Milano;854042;Metropolitan Municipality of Milan;Italy;POINT (9.18846 45.4717);false;false
Cuenca;54637;AlcaldÃ­a de Cuenca;Ecuador;POINT (-79.0048 -2.90841);true;false
HelsingÃ¸r;58671;HelsingÃ¸r Municipality;Denmark;POINT (12.5921 56.0308);true;false
;840039;Arequito;Argentina;;true;false
Blackpool;60102;Blackpool Council;United Kingdom;;false;false
;54338;City of Saitama;Japan;;false;false
Arequipa;50368;Municipalidad de Provincial de Arequipa;Peru;POINT (-75.329 -11.0557);true;false
Alba-Iulia;60588;City of Alba Iulia;Romania;POINT (23.569 46.0823);true;false
Taichung;54389;Taichung City Government;East Asia;POINT (120.647 24.1619);true;false
Fayetteville;53959;City of Fayetteville, AR;USA;POINT (-94.1719 36.0821);false;false
;894138;Nam Dinh;Vietname;;true;false
Monaco;50792;City-State of Monaco;Monaco;POINT (7.42081 43.7374);false;false
;862499;Marcos JuÃ¡rez;Argentina;;true;false
Santa Rosa;60007;City of Santa Rosa;Philippines;POINT (121.089 14.2843);true;false
;74481;Town of Acton, MA;USA;;false;false
Bujumbura;60633;La mairie de Bujumbura;Burundi;POINT (29.3599 -3.36137);true;false
Lakewood;54075;City of Lakewood, CO;USA;POINT (-105.081 39.7047);true;false
Solna;60187;City of Solna;Sweden;;false;false
;831999;Concejo Municipal de Distrito de Monte Verde;Costa Rica;;true;false
;74540;Village of Hastings-on-Hudson, NY;USA;;true;false
Chefchaouen;834082;City of Chefchaouen;Morocco;POINT (-5.2636 35.1688);false;false
;54308;Coimbatore City Municipal Corporation;India;;true;false
Chapel Hill;59588;Town of Chapel Hill, NC;USA;POINT (-79.0558 35.9132);false;false
;73750;Tarakan City;Indonesia;;true;false
;930134;Ayuntamiento de Almoloya de JuÃ¡rez;Mexico;;false;false
Zagreb;43921;City of Zagreb;Croatia;POINT (15.9819 45.815);true;false
;859104;Myoko City;Japan;;false;false
Easton;58590;City of Easton, PA;USA;POINT (-75.2207 40.6884);true;false
Bucaramanga;50380;Municipio de Bucaramanga;Colombia;POINT (-73.1227 7.11034);true;false
St. Petersburg;49172;City of St. Petersburg, FL;USA;;true;false
;73757;Sukabumi City;Indonesia;;true;false
Denver;32550;City of Denver, CO;USA;POINT (-104.985 39.7376);true;false
Halifax;50543;Halifax Regional Municipality, NS;Canada;POINT (-63.5714 44.6478);true;false
;834382;City of TrollhÃ¤ttan;Sweden;;false;false
Brussels;35854;City of Brussels;Belgium;POINT (4.34878 50.8505);true;false
MÃ©rida;50382;Municipio de MÃ©rida;Mexico;POINT (-89.5926 20.9674);true;false
;862949;Latacunga;Ecuador;;false;false
Cleveland;35859;City of Cleveland, OH;USA;POINT (-81.6944 41.4993);true;false
Lima;31170;Metropolitan Municipality of Lima;Peru;POINT (-77.0283 -12.0433);true;true
Belfast;31054;Belfast City Council;United Kingdom;;false;false
;859160;Setouchi City;Japan;;false;false
;826174;Ayuntamiento de TepatitlÃ¡n de Morelos;Mexico;;true;false
LeÃ³n de los Aldamas;50359;Gobierno Municipal de LeÃ³n de los Aldamas;Mexico;POINT (-101.684 21.1221);true;false
Memphis;36410;City of Memphis, TN;USA;POINT (-90.049 35.1495);true;false
Davao;54345;City Government of Davao;Philippines;POINT (125.625 7.07475);false;false
;73763;San Carlos City;Philippines;;true;false
;842044;Ville de Longueuil, QC;Canada;;true;false
Hamilton;50555;City of Hamilton, ON;Canada;POINT (-79.8661 43.25);true;false
;852468;Leicestershire County Council;United Kingdom;;false;false
Oakland;50560;City of Oakland, CA;USA;POINT (-122.271 37.8044);true;false
Fredensborg;63543;Fredensborg Municipality;Denmark;POINT (12.4058 55.9747);true;false
Goyang-si;44187;Goyang City;Republic of Korea;;true;false
Lahti;54402;City of Lahti;Finland;POINT (25.65 60.9833);true;false
;845304;Santa Ana (Costa Rica);Costa Rica;;true;false
;62407;Blacktown City Council;Australia;;true;false
Santiago de Cali;36037;Santiago de Cali;Colombia;POINT (-76.532 3.45164);true;false
Manta;862946;Manta;Ecuador;;true;false
;848125;Oreamuno;Costa Rica;;true;false
Valongo;826427;Municipality of Valongo;Portugal;POINT (-8.49835 41.1887);false;false
;826217;Prefeitura de Francisco Morato;Brazil;;true;false
Washington, DC;31090;District of Columbia, DC;USA;POINT (-77.0369 38.9072);true;true
Auckland;43932;Auckland Council;New Zealand;POINT (174.742 -36.8153);true;true
Chula Vista;50562;City of Chula Vista, CA;USA;POINT (-117.084 32.64);true;false
Magdalena del Mar;43975;Municipalidad de Magdalena del Mar;Peru;POINT (-77.067 -12.0917);true;false
Quito;42178;Distrito Metropolitano de Quito;Ecuador;POINT (-78.5167 -0.2333);true;true
Cartagena;50374;Alcaldia Distrital de Cartagena de Indias;Colombia;POINT (-75.5264 10.4199);true;false
Ann Arbor;54092;City of Ann Arbor, MI;USA;POINT (-83.743 42.2808);true;false
;848978;Floresta;Colombia;;true;false
;60400;Municipalidad de Temuco;Chile;;true;false
;848131;GÃ¡meza;Colombia;;true;false
;863224;East Central Florida Regional Planning Council;USA;;true;false
ROUEN Cedex;62171;Metropolitan Municipality of Rouen;France;;false;false
Winston-Salem;52894;City of Winston-Salem, NC;USA;POINT (-80.2442 36.0999);false;false
;60905;Municipalidad de MaipÃº;Chile;;true;false
Reigate;862520;Surrey County Council;United Kingdom;;false;false
;929742;Prefeitura de TapauÃ¡;Brazil;;false;false
;930093;Santander de Quilichao;Colombia;;false;false
;929627;Limapuluh Kota Regency;Indonesia;;false;false
;58485;Abington Township, PA;USA;POINT (-75.1195 40.1241);false;false
Lima;840018;Municipalidad Distrital de Ate;Peru;POINT (-76.8773 -12.0327);true;false
Cardiff;31052;City of Cardiff;United Kingdom;POINT (-3.17909 51.4816);true;false
VÃ¤stervik Municipality;69824;VÃ¤stervik Municipality;Sweden;POINT (16.3484 57.9587);false;false
VÃ¤xjÃ¶;60216;VÃ¤xjÃ¶ Municipality;Sweden;POINT (14.8091 56.8777);true;false
Sacramento;35878;City of Sacramento, CA;USA;POINT (-121.494 38.5816);false;false
Honolulu;49339;City and County of Honolulu, HI;USA;POINT (157.59 21.28);true;false
Mannheim;43926;City of Mannheim;Germany;POINT (8.46603 49.4875);true;false
Canoas;55372;Prefeitura Municipal de Canoas;Brazil;POINT (-51.1862 -29.9133);true;false
;73742;City of Catbalogan;Philippines;;true;false
Gwangju-si;44181;Gwangju Metropolitan City;Republic of Korea;;true;false
;832002;Municipalidad de Quepos;Costa Rica;;true;false
;74672;Bursa NilÃ¼fer Municipality;Turkey;POINT (28 40);true;false
;848950;Ushuaia;Argentina;;true;false
;863676;Lujan de Cuyo;Argentina;;true;false
;894051;Cipolletti;Argentina;;true;false
;839665;Ayuntamiento de Celaya;Mexico;POINT (-100.812 20.5222);false;false
Houston;31108;City of Houston, TX;USA;POINT (-95.3694 29.7602);true;true
Bangkok;31150;Bangkok Metropolitan Administration;Thailand;POINT (100.556 13.7712);true;true
;860640;Junta Intermunicipal de Medio Ambiente Altos Norte (JIAN);Mexico;;false;false
Trondheim;54488;Trondheim Municipality;Norway;POINT (10.395 63.4305);true;false
Ugu;54559;Ugu District Municipality;South Africa;POINT (30.2513 -30.6218);false;false
Abasan Al-Kabira;63616;Abasan Al-Kabira Municipality;State of Palestine;POINT (34.344 31.3231);true;false
Albany;54102;City of Albany, NY;USA;POINT (-73.7562 42.6526);true;false
;863533;San Antonio;Chile;;true;false
Bournemouth;54521;BCP Council;United Kingdom;POINT (-1.88076 50.7192);true;false
;848970;Villa Carlos Paz;Argentina;;true;false
;73676;Umhlathuze;South Africa;;true;false
;59958;Tweed Shire Council;Australia;;true;false
Milwaukee;43908;City of Milwaukee, WI;USA;POINT (-87.9065 43.0389);true;false
ApuÃ­;840076;Prefeitura de ApuÃ­;Brazil;POINT (-69.14 1.22);false;false
;866598;Chemung County, NY;USA;;false;false
Norwich;60108;Norwich City Council;United Kingdom;POINT (1.2974 52.6309);false;false
Yokohama;31113;City of Yokohama;Japan;POINT (139.638 35.4437);true;true
Santiago;863000;Lo Barnechea;Chile;;true;false
;73734;Envigado;Colombia;;true;false
Dubuque;54116;City of Dubuque, IA;USA;POINT (-90.5071 42.5006);true;false
Tirana;59163;Municipality of Tirana;Albania;POINT (19.8187 41.3275);true;false
;834120;City of Tanjungpinang;Indonesia;;true;false
Laholm;840195;Laholm Municipality;Sweden;POINT (13.03 56.51);false;false
;63762;Metropolitan Washington Council of Governments;USA;;true;false
Piura;54619;Municipalidad  Provincial de Piura;Peru;;true;false
SÃ£o Leopoldo;60349;Prefeitura de SÃ£o Leopoldo;Brazil;POINT (-51.1493 -29.761);true;false
;861779;JÃ¤rfÃ¤lla Municipality;Sweden;;false;false
Dakar;831615;Pikine;Senegal;POINT (-17.3997 14.7529);true;false
Los Angeles;10894;City of Los Angeles, CA;USA;POINT (-118.244 34.0522);true;true
Arendal;60229;Arendal Municipality;Norway;POINT (8.77245 58.4618);true;false
Shoreline;74568;City of Shoreline, WA;USA;;false;false
;13490;Northumberland County Council;United Kingdom;;true;false
;74539;City of Oberlin, OH;USA;;false;false
;847922;Junta Municipal de Medio Ambiente Lagunas (JIMAL);Mexico;;false;false
;849041;GualeguaychÃº;Argentina;;true;false
Quebec;49326;Ville de Quebec, QC;Canada;;false;false
;831926;Ramallah;State of Palestine;;false;false
Abidjan;73413;Commune de Cocody;CÃ´te d'Ivoire;POINT (-4.00331 5.33369);true;false
Ulsan-si;44184;Ulsan Metropolitan City;Republic of Korea;;true;false
;73755;Legazpi City;Philippines;;true;false
Dubai;43938;The Executive Council, Govt of Dubai;United Arab Emirates;POINT (55.2708 25.2048);true;true
Kuala Lumpur;54364;City of Kuala Lumpur;Malaysia;POINT (101.687 3.139);true;true
;859167;Imabari City;Japan;;false;false
Accra;36039;Accra Metropolitan Assembly;Ghana;POINT (-0.16819 5.56543);true;true
New York City;3417;New York City, NY;USA;POINT (-74.0059 40.7128);true;true
;917936;Somerset Council;United Kingdom;;false;false
Salvador;42120;City of Salvador;Brazil;POINT (-38.5023 -12.973);true;true
JIMAV;826207;Junta Intermunicipal de Medio Ambiente Region Valles (JIMAV);Mexico;POINT (-104.367 19.7682);true;false
San Borja;60391;Municipalidad de San Borja;Peru;POINT (-12.1078 -76.9989);true;false
Cambridge;60104;Cambridge City Council;United Kingdom;POINT (0.16353 52.2077);false;false
;839980;Municipalidad de Avellaneda;Argentina;;true;false
Taipei;31446;Taipei City Government;East Asia;POINT (121.564 25.0375);true;false
Elva;60231;Municipality of Elva;Estonia;;false;false
;68290;Wyndham City Council;Australia;;true;false
;862572;Regional District of Nanaimo, BC;Canada;;false;false
TsÃ©viÃ©;831616;Commune de TsÃ©viÃ©;Togo;POINT (1.21333 6.42611);true;false
Suwon;44185;Suwon City;Republic of Korea;POINT (126.805 37.17);true;false
Vicente LÃ³pez;55371;Municipalidad de Vicente LÃ³pez;Argentina;POINT (-68.833 -32.8941);true;false
Padova;36494;City of Padua;Italy;POINT (11.8768 45.4064);true;false
;854050;City of Nanaimo, BC;Canada;;true;false
Portland;35274;City of Portland, ME;USA;POINT (-70.2553 43.6615);false;false
Venezia;36254;City of Venice;Italy;POINT (12.3211 45.4333);true;false
Evanston;59678;City of Evanston, IL;USA;POINT (-87.6898 42.0669);true;false
;60018;City of Zamboanga;Philippines;;false;false
Maputo;43935;Maputo Metropolitan Area;Mozambique;;true;false
;826405;Municipality of Maia;Portugal;;false;false
Tempe;53921;City of Tempe, AZ;USA;POINT (-111.94 33.4255);true;false
Mississauga;59538;City of Mississauga, ON;Canada;POINT (43.589 -79.6441);true;false
Eau Claire;834083;City of Eau Claire, WI;USA;;true;false
;73701;San Carlos Sud;Argentina;;true;false
;848977;Busbanza;Colombia;;true;false
Worcester;53899;City of Worcester, MA;USA;;false;false
Rotterdam;31179;Municipality of Rotterdam;Netherlands;POINT (4.45093 51.9164);true;true
;930257;Municipalidad de Puyo;Ecuador;;false;false
;930007;La Esperanza;Guatemala;;false;false
Pittsburgh;35877;City of Pittsburgh, PA;USA;POINT (-79.9959 40.4406);true;false
Johannesburg;31115;City of Johannesburg;South Africa;POINT (28.0473 -26.2041);true;true
;859096;Kamakura City;Japan;;true;false
;863180;General Lavalle;Argentina;;true;false
;59708;City of Bethlehem, PA;USA;;true;false
;834313;Municipality of TÃ³paga;Colombia;;true;false
Sabaneta;73687;Sabaneta;Colombia;;true;false
;834373;Town of York, ME;USA;;true;false
;839673;Municipalidad Distrital de JesÃºs MarÃ­a;Peru;;true;false
Edinburgh;31056;Edinburgh City Council;United Kingdom;;true;false
;54339;Denpasar City Government;Indonesia;;true;false
Loja;69848;Municipio de Loja;Ecuador;POINT (-3.99313 -79.2042);true;false
Chennai;35905;Corporation of Chennai;India;POINT (80.2425 13.0992);false;true
;54370;Municipal Council of Penang;Malaysia;;false;false
Paris;31175;City of Paris;France;POINT (2.35222 48.8566);true;true
Ahmedabad;46263;Amdavad Municipal Corporation (Ahmedabad);India;;true;true
UmeÃ¥;54510;UmeÃ¥ Municipality;Sweden;POINT (20.263 63.8258);true;false
;68267;Sutherland Shire Council;Australia;;true;false
Piracicaba;54658;Prefeitura do MunicÃ­pio de Piracicaba;Brazil;;true;false
Sorocaba;50383;Prefeitura de Sorocaba;Brazil;POINT (-47.4221 -23.4775);true;false
;73692;Mount Barker District Council;Australia;;true;false
Walvis Bay;60638;Walvis Bay Municipality;Namibia;POINT (12.5247 -22.9389);true;false
;73793;La Estrella;Colombia;;true;false
Iskandar;54388;Iskandar Regional Development Authority;Malaysia;POINT (100.992 1.45556);true;false
Santa Fe County;74531;Santa Fe County, NM;USA;POINT (-106 35.5);false;false
;924935;Municipalidad Distrital de Masisea;Peru;;false;false
Dallas;35860;City of Dallas, TX;USA;POINT (-96.8004 32.7801);false;false
Tallinn;36152;City of Tallinn;Estonia;POINT (24.7536 59.437);true;false
Alexandria;53931;City of Alexandria, VA;USA;;false;false
Sudbury;54060;City of Greater Sudbury / Grand Sudbury, ON;Canada;POINT (-80.9645 46.5268);false;false
;73671;Godoy Cruz;Argentina;;true;false
;54306;Medan City Government;Indonesia;;true;false
Seoul;31187;Seoul Metropolitan Government;Republic of Korea;POINT (126.978 37.5665);true;true
Ansan-si;44191;Ansan City;Republic of Korea;;true;false
Mumbai;31178;City of Mumbai;India;;true;true
;863001;Puerto Varas;Chile;;false;false
;924874;Municipio de San Luis;Argentina;;true;false
Nelson Mandela Bay ;49363;Nelson Mandela Bay Municipality;South Africa;(-33.745241, 25.568108);false;
Madrid;31171;Ayuntamiento de Madrid;Spain;(40.1076253, -3.3875673);true;
New York City;3417;New York City;USA;(40.7127837, -74.0059413);true;
Denton, TX;59537;City of Denton, TX;USA;(33.214841, -97.133068);false;
Montreal;35894;Ville de Montreal;Canada;(45.5086699, -73.5539925);true;
Burlington;2430;City of Burlington;USA;(44.4758825, -73.212072);false;
Wellington;43937;Wellington City Council;New Zealand;(26.661763, -80.268357);false;
Seattle;16581;City of Seattle;USA;(47.6062, -122.3321);true;
Tainan ;54386;Tainan City Government;Taiwan;(22.9999, 120.2269);false;
Rochester;49342;City of Rochester;USA;(43.161, -77.6109);false;
Lahti;54402;City of Lahti;Finland;(60.9833, 25.65);false;
Greensboro;50541;City of Greensboro;USA;(36.072635, -79.791975);false;
Turku;50154;City of Turku;Finland;(60.4518126, 22.2666303);false;
Iowa ;54111;City of Iowa City;USA;(41.6611, -91.5302);false;
Savannah;54085;City of Savannah;USA;(32.0835, -81.0998);false;
Brownsville;54046;City of Brownsville;USA;(25.9017, -97.4975);false;
Salvador;42120;City of Salvador;Brazil;(-12.97304, -38.502304);true;
Houston;31108;City of Houston;USA;(29.7601927, -95.3693896);true;
Batangas;59996;Batangas City;Philippines;(13.7565, 121.0583);false;
Winnipeg;50579;City of Winnipeg;Canada;(49.8997541, -97.1374937);false;
Piedmont, CA;60656;City of Piedmont, CA;USA;(37.8244, -122.2316);false;
Amman ;54337;Greater Amman Municipality;Jordan;(31.945367, 35.928372);true;
Indianapolis;43907;City of Indianapolis;USA;(39.767625, -86.178469);false;
Baltimore;35853;City of Baltimore;USA;(39.2903848, -76.6121893);false;
Stockholm;3429;City of Stockholm;Sweden;(59.3293235, 18.0685808);true;
Paris;31175;City of Paris;France;(48.856614, 2.3522219);true;
Ho Chi Minh;31164;Ho Chi Minh City;Vietnam;(10.762622, 106.660172);true;
Middelfart;59180;Middelfart Kommune;Denmark;(55.470958, 9.872643);false;
Somerville, MA;58531;City of Somerville, MA;USA;(42.393449, -71.082647);false;
Fort Collins;54066;City of Fort Collins;USA;(40.5853, 105.0844);false;
Portland, ME;35274;City of Portland, ME;USA;(43.6615, -70.2553);false;
Windsor;50578;City of Windsor;Canada;(42.314937, -83.036363);false;
Chihuahua;50375;Ayuntamiento de  Chihuahua;Mexico;(28.636857, -106.076272);false;
Phoenix;35874;City of Phoenix;USA;(33.4484, -112.074);false;
Medford;58513;City of Medford;USA;(42.3265, -122.8756);false;
Hobart;53254;Hobart City Council;Australia;(-42.890054, 147.281446);false;
Hoeje-Taastrup;58489;Hoeje-Taastrup Kommune;Denmark;(55.656328, 12.2898);false;
Santa Monica;54110;City of Santa Monica;USA;(34.0219, -118.4814);false;
Cincinnati;35857;City of Cincinnati;USA;(39.1031, -84.512);false;
London, ON;50558;City of London, ON;Canada;(42.9837, -81.2497);false;
BogotÃ¡ ;31154;BogotÃ¡ Distrito Capital;Colombia;(4.711, -74.0721);true;
Addis Ababa;31146;Addis Ababa City Administration;Ethiopia;(9.028874, 38.754366);true;
Taichung;54389;Taichung City Government;Taiwan;(24.161859, 120.646967);false;
Firenze;36285;Comune di Firenze;Italy;(43.7696, 11.2558);false;
Blacksburg;58621;Town of Blacksburg;USA;(37.2296, -80.4139);false;
Bournemouth;54521;City of Bournemouth;United Kingdom;(50.719164, -1.880769);false;
Roanoke;58310;City of Roanoke;USA;(37.271, -79.9414);false;
Brisbane, CA;59595;City of Brisbane, CA;USA;(37.6808, -122.4);false;
Reno;54128;City of Reno;USA;(39.5296, -119.8138);false;
Salt Lake City;31177;Salt Lake City;USA;(40.7608, -111.891);false;
Taoyuan;54395;Taoyuan City Government;Taiwan;(24.993113, 121.301028);false;
Mexico City;31172;Mexico City;Mexico;(19.4326077, -99.133208);true;
Saskatoon;50568;City of Saskatoon;Canada;(52.133214, -106.670046);false;
NiterÃ³i;57509;Prefeitura NiterÃ³i;Brazil;(-22.892857, -43.118381);false;
San Francisco;31182;City of San Francisco;USA;(37.7749295, -122.4194155);true;
Lake Forest, IL;57616;City of Lake Forest, IL;USA;(42.258634, -87.840625);false;
Santiago;31180;RegiÃ³n Metropolitana de Santiago;Chile;(-33.44889, -70.669265);true;
Washington, DC;31090;District of Columbia;USA;(38.9071923, -77.0368707);true;
Portland, OR;14874;City of Portland, OR;USA;(45.52, -122.6819);true;
Tulua;69967;Alcaldia de Tulua;Colombia;(4.08618, -76.19793);false;
Rotterdam;31179;Gemeente Rotterdam;Netherlands;(51.9163716, 4.4509382);true;
FlorianÃ³polis;50384;Prefeitura de FlorianÃ³polis;Brazil;(-27.5949884, -48.5481743);false;
Lakewood;54075;City of Lakewood;USA;(39.7047, -105.0814);false;
Belo Horizonte;35848;Municipality of Belo Horizonte;Brazil;(-19.916681, -43.934493);false;
Istanbul ;31163;Istanbul Metropolitan Municipality;Turkey;(41.0082, 28.9784);true;
Davis, CA;59552;City of Davis, CA;USA;(38.544907, -121.740517);false;
Santiago de Cali;36037;Santiago de Cali;Colombia;(3.451647, -76.531985);false;
Pretoria - Tshwane;49360;Pretoria - Tshwane;South Africa;(-25.746111, 28.188056);true;
Cascais;50680;Cascais;Portugal;(38.6970565, -9.4222945);false;
Copenhagen;31009;City of Copenhagen;Denmark;(55.6760968, 12.5683371);true;
Cardiff;31052;City of Cardiff;United Kingdom;(51.481581, -3.17909);false;
LeÃ³n de los Aldamas;50359;Gobierno Municipal de LeÃ³n de los Aldamas;Mexico;(21.122062, -101.683659);false;
Easton, PA;58590;City of Easton, PA;USA;(40.6884, -75.2207);false;
Fayetteville, AR;53959;City of Fayetteville, AR;USA;(36.082156, -94.171854);false;
Porto Velho;60318;Prefeitura de Porto Velho;Brazil;(-20.333764, -40.377582);false;
Byron Shire;58543;Byron Shire Council;Australia;(-28.6534, 153.5334);false;
Saint Paul, MN;50572;City of Saint Paul, MN;USA;(44.953703, -93.089958);false;
Edmonton;43912;City of Edmonton;Canada;(53.544389, -113.4909267);false;
Los Altos Hills;55616;Los Altos Hills;USA;(37.3797, -122.1375);false;
Espoo;54409;City of Espoo;Finland;(60.205491, 24.6559);false;
Iskandar ;54388;Iskandar Regional Development Authority;Malaysia;(5.714476, 100.992084);false;
GoiÃ¢nia;42123;City of GoiÃ¢nia;Brazil;(-16.6868912, -49.2647943);false;
Calgary;35475;City of Calgary;Canada;(51.048615, -114.070846);false;
Tokyo;31111;Tokyo Metropolitan Government;Japan;(35.6896342, 139.6921007);true;
Flagstaff;54113;City of Flagstaff;USA;(35.1992, -111.6311);false;
Nashville and Davidson ;49335;Metropolitan Government of Nashville and Davidson County;USA;(36.1627, -86.7816);false;
Knoxville;54048;City of Knoxville;USA;(35.9606, -83.9207);false;
Melbourne;31109;City of Melbourne;Australia;(-37.814107, 144.96328);true;
Emeryville, CA;61790;City of Emeryville, CA;USA;(37.831316, -122.285247);false;
Helsinki;8242;City of Helsinki;Finland;(60.1733244, 24.9410248);false;
Zaragoza;46473;City of Zaragoza;Spain;(41.608629, -0.887012);false;
Taipei;31446;Taipei City Government;Taiwan;(25.037525, 121.563782);false;
Kadiovacik;35755;Village of Kadiovacik;Turkey;(38.3434574, 26.553613);false;
Tel Aviv-Yafo ;35885;Tel Aviv-Yafo Municipality;Israel;(32.081604, 34.782285);false;
Cape Town;35858;City of Cape Town;South Africa;(-33.9253, 18.4239);true;
Hong Kong;31169;Government of Hong Kong Special Administrative Region;Hong Kong;(22.2880809, 114.1398015);true;
Moscow ;31174;Moscow Government;Russia;(55.755826, 37.6173);true;
Hamburg;35868;Free and Hanseatic City of Hamburg;Germany;(53.5510846, 9.9936818);false;
MÃ©rida;50382;Municipio de MÃ©rida;Mexico;(20.96737, -89.592586);false;
Ljubljana;43920;City of Ljubljana;Slovenia;(46.056947, 14.505751);false;
Providence;49327;City of Providence;USA;(41.824, -71.4128);false;
Abasan Al-Kabira;63616;Abasan Al-Kabira Municipality;State of Palestine;(31.323126, 34.344025);false;
Stara Zagora;58461;Stara Zagora;Bulgaria;(42.425777, 25.634464);false;
Albany;54102;City of Albany;USA;(42.6526, -73.7562);false;
Gladsaxe;59165;Gladsaxe Kommune;Denmark;(55.733461, 12.488686);false;
Auckland ;43932;Auckland Council;New Zealand;(-36.815328, 174.741788);true;
Rio de Janeiro;31176;Prefeitura do Rio de Janeiro;Brazil;(-22.9054389, -43.5614471);true;
Benicia;49787;City of Benicia;USA;(38.049365, -122.1585777);false;
Eugene;54070;City of Eugene;USA;(44.0519, -123.0867);false;
West Hollywood;58357;City of West Hollywood;USA;(34.09, -118.3617);false;
Bogor ;54329;Bogor City Government;Indonesia;(-6.5971, 106.806);false;
Adelaide;32480;City of Adelaide;Australia;(-34.928499, 138.600746);false;
Barreiro;50679;Barreiro;Portugal;(38.660815, -9.079072);false;
Makati;54354;City Government of Makati;Philippines;(14.554729, 121.024445);false;
Barcelona;1499;Ajuntament de Barcelona;Spain;(41.382271, 2.177506);true;
Venezia;36254;Comune di Venezia;Italy;(45.4332515, 12.3210704);true;
Tirana;59163;City of Tirana;Albania;(41.327546, 19.818698);false;
GuimarÃ£es;55324;MunicÃ­pio de GuimarÃ£es;Portugal;(41.444266, -8.292241);false;
Cambridge;55800;City of Cambridge;USA;(45.601, -93.327333);false;
Udine;36518;Comune di Udine;Italy;(46.0667, 13.2333);false;
San Isidro (Lima);60392;Municipalidad de San Isidro (Lima);Peru;(-12.09772, -77.027336);false;
Curitiba;31156;Municipality of Curitiba;Brazil;(-25.431063, -49.264693);true;
BrasÃ­lia;35995;City of BrasÃ­lia;Brazil;(-15.794229, -47.882166);false;
Ibadan;36036;City of Ibadan;Nigeria;(7.377535, 3.94704);false;
Vancouver;20113;City of Vancouver;Canada;(49.261226, -123.1139268);true;
Heidelberg;31165;Stadt Heidelberg;Germany;(49.398752, 8.672434);true;
Genova;36262;Comune di Genova;Italy;(44.347961, 9.318415);false;
Sydney;31114;City of Sydney;Australia;(-33.8674869, 151.2069902);true;
Santa Cruz, CA;59633;City of Santa Cruz, CA;USA;(36.974117, -122.030796);false;
St Catharines, ON;50559;City of St Catharines, ON;Canada;(43.1594, -79.2469);false;
Nyon;59160;Ville de Nyon;Switzerland;(46.383268, 6.234785);false;
San Antonio;43905;City of San Antonio;USA;(29.4241, -98.4936);false;
Abington ;58485;Abington Township;USA;(40.12408, -75.119511);false;
Boston;35268;City of Boston;USA;(42.3584308, -71.0597732);true;
West Palm Beach;55801;City of West Palm Beach;USA;(26.715342, -80.053375);false;
Salaberry-de-Valleyfield;60680;Ville de Salaberry-de-Valleyfield;Canada;(45.250091, -74.133086);false;
Aarhus;54408;Aarhus Kommune;Denmark;(56.168393, 10.137373);false;
Arlington, VA;55799;City of Arlington, VA;USA;(37.226486, -76.002594);false;
Lancaster, PA;62864;City of Lancaster, PA;USA;(40.037875, -76.305514);false;
Columbus;43910;City of Columbus;USA;(39.9611755, -82.9987942);false;
San Leandro, CA;59631;City of San Leandro, CA;USA;(37.72493, -122.156077);false;
Quito;42178;Distrito Metropolitano de Quito;Ecuador;(-0.2333, -78.5167);true;
Tempe, AZ;53921;City of Tempe, AZ;USA;(33.42551, -111.940005);false;
Ravenna;36263;Comune di Ravenna;Italy;(41.913028, 12.518037);false;
Charlottesville, VA;59545;City of Charlottesville, VA;USA;(38.0293, -78.4767);false;
Atlanta;1093;City of Atlanta;USA;(33.7489954, -84.3879824);false;
Lima;31170;Metropolitan Municipality of Lima;Peru;(-12.046374, -77.042793);true;
London ;3422;Greater London Authority;United Kingdom;(51.504858, -0.078689);true;
Rio Grande;60419;Municipalidad de Rio Grande;Argentina;(-53.786, -67.7002);false;
Pittsburgh;35877;City of Pittsburgh;USA;(40.4406248, -79.9958864);false;
Toronto;31117;City of Toronto;Canada;(43.653226, -79.3831843);true;
Mannheim;43926;City of Mannheim;Germany;(49.487459, 8.466039);false;
Aspen and Pitkin County;52897;City of Aspen and Pitkin County;USA;(39.195, -106.837);false;
Canberra;43928;Canberra;Australia;(-35.3075, 149.1244);false;
San Luis PotosÃ­;50369;Ayuntamiento de San Luis PotosÃ­;Mexico;(22.173333, -100.97005);false;
Minneapolis;35879;City of Minneapolis;USA;(44.983334, -93.26667);false;
Basel-Stadt;31151;Basel-Stadt;Switzerland;(47.5619, 7.5928);true;
Kaohsiung;31112;Kaohsiung City Government;Taiwan;(22.629705, 120.343804);false;
Sonderborg;58488;Sonderborg Kommune;Denmark;(54.913811, 9.792178);false;
Manchester;35898;Greater Manchester;United Kingdom;(53.4575955, -2.1578377);false;
Groningen;54461;Gemeente Groningen;Netherlands;(53.232386, 6.551335);false;
Porto;46514;City of Porto;Portugal;(41.1579438, -8.6291053);false;
North Vancouver;59669;City of North Vancouver;Canada;(49.32, -123.0724);false;
Singapore ;35993;Singapore Government;Singapore;(1.352083, 103.819836);true;
HjÃ¸rring;58610;Municipality of HjÃ¸rring;Denmark;(57.4568, 9.9958);false;
Richmond, VA;49334;City of Richmond, VA;USA;(37.540725, -77.436048);false;
Egedal;62855;Egedal Municipality;Denmark;(55.795045, 12.238733);false;
Durban;35863;City of Durban;South Africa;(-29.8586804, 31.0218404);true;
Hayward;54078;City of Hayward;USA;(37.6689, -122.0808);false;
ParaÃ±aque;54356;City of ParaÃ±aque;Philippines;(14.479309, 121.019823);false;
Jakarta ;31166;Jakarta City Government;Indonesia;(-6.1751, 106.865);true;
New Taipei ;56276;New Taipei City Government;Taiwan;(25.0111, 121.4458);false;
Fafe;50671;Fafe;Portugal;(41.4508217, -8.1728619);false;
Vilnius ;36154;Vilnius City Municipality;Lithuania;(54.687156, 25.279651);false;
Austin;1184;City of Austin;USA;(30.2672, -97.7431);true;
Boulder;54104;City of Boulder;USA;(40.0274, -105.2519);false;
Los Angeles;10894;City of Los Angeles;USA;(34.0522342, -118.2436849);true;
Elsinore;58671;Elsinore Municipality;Denmark;(56.0308, 12.5921);false;
Buenos Aires;31155;City of Buenos Aires;Argentina;(-34.6037232, -58.3815931);true;
Wroclaw;54497;City of Wroclaw;Poland;(51.107885, 17.038538);false;
Lancaster;54057;City of Lancaster;USA;(40.0379, -76.3055);false;
Athens;31149;City of Athens;Greece;(37.98381, 23.727539);true;
Columbia, SC;55415;City of Columbia, SC;USA;(34.0007, -81.0348);false;
Cupertino;64014;City of Cupertino;USA;(37.322998, -122.032182);false;
Magdeburg;54443;Landeshauptstadt Magdeburg;Germany;(52.1205, 11.6276);false;
Caracas;31159;AlcaldÃ­a Metropolitana de Caracas;Venezuela;(10.4696404, -66.8037185);true;
VitÃ³ria;50392;Prefeitura de VitÃ³ria;Brazil;(-20.333764, -40.377582);false;
Betim;54623;Prefeitura de Betim;Brazil;(-19.967308, -44.20119);false;
Ann Arbor;54092;City of Ann Arbor;USA;(42.2808, -83.743);false;
St Louis;35393;City of St Louis;USA;(38.627, -90.1994);false;
Faro;50673;Faro;Portugal;(37.019355, -7.93044);false;
Santiago de Guayaquil;36045;Santiago de Guayaquil;Ecuador;(-2.170998, -79.922359);false;
Moroni;59158;Moroni City;Comoros;(-11.717216, 43.247315);false;
Ã†rÃ¸skÃ¸bing;58609;City of Ã†rÃ¸skÃ¸bing;Denmark;(54.891456, 10.404684);false;
Yokohama;31113;City of Yokohama;Japan;(35.4437078, 139.6380256);true;
Warsaw;31185;City of Warsaw;Poland;(52.2296756, 21.0122287);true;
Columbia, MO;54100;City of Columbia, MO;USA;(38.951705, -92.334072);false;
New Orleans;13067;City of New Orleans;USA;(29.9511, -90.0715);true;
SantarÃ©m;50672;SantarÃ©m;Portugal;(39.236669, -8.685994);false;
Gibraltar;50650;City of Gibraltar;Gibraltar;(36.1407734, -5.3535994);false;
Hvidovre;60433;City of Hvidovre;Denmark;(55.642522, 12.475386);false;
Pingtung ;57347;Pingtung County Government;Taiwan;(22.6558, 120.4703);false;
Hamilton;50555;City of Hamilton;Canada;(43.250021, -79.866091);false;
Philadelphia;31181;City of Philadelphia;USA;(39.952335, -75.163789);true;
Recife;35872;Municipality of Recife;Brazil;(-8.057838, -34.882897);false;
Yilan County;61753;Yilan County Government;Taiwan;(24.730918, 121.763222);false;
BÃ¦rum;58395;BÃ¦rum Kommune;Norway;(59.920545, 10.593765);false;
Lisbon;36159;City of Lisbon;Portugal;(38.7222524, -9.1393366);false;
Detroit;35862;City of Detroit;USA;(42.331427, -83.0457538);false;
Chicago;3203;City of Chicago;USA;(41.8781136, -87.6297982);true;
Johannesburg;31115;City of Johannesburg;South Africa;(-26.2041028, 28.0473051);true;
Ottawa;43911;City of Ottawa;Canada;(45.42153, -75.697193);false;
Oslo;14088;City of Oslo;Norway;(59.9138688, 10.7522454);true;
Durham;54108;City of Durham;USA;(35.994, -78.8986);false;
IbaguÃ©;60374;AlcaldÃ­a de IbaguÃ©;Colombia;(4.448517, -75.239965);false;
Ajax, ON;60602;Town of Ajax, ON;Canada;(43.850855, -79.020373);false;
Torino;35886;Comune di Torino;Italy;(45.1006374, 7.6680046);false;
ZÃ¼rich;35449;Stadt ZÃ¼rich;Switzerland;(47.3686498, 8.5391825);false;
Denver;32550;City of Denver;USA;(39.737567, -104.9847179);false;
Nancy;62180;CommunautÃ© urbaine du Grand Nancy;France;(48.692054, 6.184417);false;
Miami Beach, FL;63999;City of Miami Beach, FL;USA;"_									
(25.790654, -80.130045)";false;
Sorocaba;50383;Prefeitura de Sorocaba;Brazil;(-23.4774899, -47.4220615);false;
Oakland;50560;City of Oakland;USA;(37.8044, -122.2708);false;
CÃ³rdoba;50371;Municipalidad de  CÃ³rdoba;Argentina;(-31.4201, -64.1888);false;
Torres Vedras ;19233;Torres Vedras Municipality;Portugal;(38.763669, -9.30148);false;
Extrema;60273;Prefeitura de Extrema;Brazil;(-22.840262, -46.328);false;
Amsterdam;31148;City of Amsterdam;Netherlands;(52.370216, 4.895168);true;
Palo Alto;54119;City of Palo Alto;USA;(37.4419, -122.143);false;
Cleveland;35859;City of Cleveland;USA;(41.4993, -81.6944);false;
Cuenca;54637;AlcaldÃ­a de Cuenca;Ecuador;(-2.908411, -79.004837);false;
Sincelejo;60387;AlcaldÃ­ade Sincelejo;Colombia;(9.304577, -75.390557);false;
Murcia;54498;Ayuntamiento de Murcia;Spain;(37.799013, -1.00495);false;
Bangkok ;31150;Bangkok Metropolitan Administration;Thailand;(13.787506, 100.710632);true;
Bornova ;44132;Bornova Municipality;Turkey;(35.2141598, 33.2947541);false;
Changwon ;31186;Changwon City;South Korea;(35.154167, 126.949167);true;
Akureyri;59151;City of Akureyri;Iceland;(65.688492, -18.126169);false;
Alba-Iulia;60588;City of Alba-Iulia;Romania;(46.082337, 23.569027);false;
Bellingham, WA;58636;City of Bellingham, WA;USA;(48.7519, -122.4787);false;
Charlotte;43914;City of Charlotte;USA;(35.2271, -80.8431);false;
Delhi;31157;City of Delhi;India;(28.704059, 77.10249);true;
Gdynia;60114;City of Gdynia;Poland;(54.51889, 18.530541);false;
Kuala Lumpur;54364;City of Kuala Lumpur;Malaysia;(3.139003, 101.686855);true;
La Crosse, WI;73295;City of La Crosse, WI;USA;(43.8014, -91.2396);false;
Long Beach;50551;City of Long Beach;USA;(33.7701, -118.1937);false;
Miami;35870;City of Miami;USA;(25.7617, -80.1918);false;
Northampton, MA;58530;City of Northampton, MA;USA;(42.304845, -72.614446);false;
Park City, UT;14344;City of Park City, UT;USA;(40.6461, -111.498);false;
Podgorica;58569;City of Podgorica;Montenegro;(42.43042, 19.259364);false;
Port Allen, LA;73302;City of Port Allen, LA;USA;(30.4475, -91.2073);false;
Prince George, BC;60603;City of Prince George, BC;Canada;(53.917064, -122.749669);false;
ReykjavÃ­k;54459;City of ReykjavÃ­k;Iceland;(64.12652, -21.81744);false;
Richmond, CA;58511;City of Richmond, CA;USA;(37.9358, -122.3477);false;
Sacramento;35878;City of Sacramento;USA;(38.5816, -121.4944);false;
#N/A;58871;City of Salem, MA;#N/A;;false;
San Diego;35884;City of San Diego;USA;(32.718146, -117.1701);false;
San JosÃ©;35883;City of San JosÃ©;USA;(37.3382, -121.8863);false;
Shenzhen;51075;City of Shenzhen;China;(22.917478, 113.813461);true;
Mendoza;50357;Ciudad de Mendoza;Argentina;(-32.889459, -68.845839);false;
Bolzano;36261;Comune di Bolzano;Italy;(46.499681, 11.356576);false;
Ferrara;36286;Comune di Ferrara;Italy;(44.8357395, 11.6189949);false;
Firenze;36285;Comune di Firenze;Italy;(39.627269, -90.610682);false;
Milano;31173;Comune di Milano;Italy;(45.802578, 9.086356);true;
Monza;36484;Comune di Monza;Italy;(45.831487, 9.0371);false;
Napoli;36158;Comune di Napoli;Italy;(40.8419943, 14.2513831);false;
Olbia;36489;Comune di Olbia;Italy;(41.882316, 12.505936);false;
Oristano;36252;Comune di Oristano;Italy;(39.720664, 8.898007);false;
Padova;36494;Comune di Padova;Italy;(45.4064, -11.8768);false;
Parma;36492;Comune di Parma;Italy;(44.8015, 10.3279);false;
Piacenza;36495;Comune di Piacenza;Italy;(45.0519969, 9.6926451);false;
Dublin;31313;Dublin City Council;Ireland;(53.344479, -6.270843);false;
Fredensborg;63543;Fredensborg Kommune;Denmark;(55.9747, 12.4058);false;
Frederikshavn;60577;Frederikshavn Kommune;Denmark;(57.442711, 10.521006);false;
GdaÅ„sk;58424;Gdansk;Poland;(54.352, 18.6466);false;
Glasgow;31055;Glasgow City Council;United Kingdom;(55.859272, -4.212783);false;
Tarija;60394;Gobierno AutÃ³nomo Municipal de Tarija;Bolivia;(-21.266606, -63.488416);false;
#N/A;50359;Gobierno Municipal de LeÃ³n de los Aldamas;#N/A;;false;
Seoul ;31187;Seoul Metropolitan Government;South Korea;(37.566535, 126.9779692);true;
HÃ¸rsholm;58797;HÃ¸rsholm Kommune;Denmark;(55.883514, 12.504924);false;
Hsinchu City;70247;Hsinchu City Government;Taiwan;(24.807345, 120.968248);false;
Hsinchu County;54390;Hsinchu County Government;Taiwan;(24.8269, 121.0129);false;
Lejre;63542;Lejre Kommune;Denmark;(55.6013, 11.9645);false;
MalmÃ¶;43940;MalmÃ¶ Stad;Sweden;(55.605, 13.0038);false;
Magdalena del Mar;43975;Municipalidad de Magdalena del Mar;Peru;(-12.091653, -77.06705);false;
Providencia;59167;Municipalidad de Providencia;Chile;(-33.431297, -70.609189);false;
San Isidro;60416;Municipalidad de San Isidro (Argentina);Argentina;(-32.977511, -68.812232);false;
Arendal;60229;Municipality of Arendal;Norway;(58.461757, 8.77245);false;
Cainta;60002;Municipality of Cainta;Philippines;(14.5865, 121.1149);false;
Braga;55334;MunicÃ­pio de Braga;Portugal;(41.533751, -8.438218);false;
Moita;55442;MunicÃ­pio de Moita;Portugal;(41.30284, -8.65731);false;
Pasig;54347;Pasig City Government;Philippines;(14.58691, 121.0614);false;
CuiabÃ¡;50386;Prefeitura de CuiabÃ¡;Brazil;(-15.881977, -52.266326);false;
Palmas;54650;Prefeitura de Palmas;Brazil;(-10.249091, -48.324286);false;
Durham;58868;Regional Municipality of Durham;Canada;(43.936838, -78.928824);false;
Riga;36426;Riga City;Latvia;(56.9496, 24.1052);false;
RingkÃ¸bing-Skjern;58781;RingkÃ¸bing-Skjern Kommune;Denmark;(56.0447, 8.5059);false;
TarnÃ³w;58537;TarnÃ³w;Poland;(50.012101, 20.985841);false;
Tartu;60126;Tartu City Council;Estonia;(58.380049, 26.72194);false;
Tbilisi;50211;Tbilisi City;Georgia;(41.715138, 44.827096);false;
The Hague;43930;The Hague;Netherlands;(52.070498, 4.3007);false;
Vail, CO;59535;Town of Vail, CO;USA;(39.6403, -106.3742);false;
Ville de Kinshasa;36002;Ville de Kinshasa;Democratic Republic of Congo;(-4.441931, 15.266293);false;
Monaco;50792;Ville de Monaco;Monaco;(43.737411, 7.420816);false;
Yala;69835;Municipalidad de Yala;Argentina;(41.112598, -112.051762);false;
Odder Kommune;58796;Odder Kommune;Denmark;(55.975718, 10.149958);false;
Egedal Municipality;62855;Egedal Municipality;Denmark;(55.795045, 12.238733);false;
Yilan ;61753;Yilan County;Taiwan;(24.702107, 121.73775);false;
Emeryville, CA;61790;City of Emeryville CA;USA;(37.831316, -122.285247);false;
CommunautÃ© urbaine du Grand Nancy;62180;CommunautÃ© urbaine du Grand Nancy;France;(48.692054, 6.184417);false;
Aarhus Kommune;54408;Aarhus Kommune;Denmark;(56.168393, 10.137373);false;
Amiens MÃ©tropole;54425;Amiens MÃ©tropole;France;(49.894067, 2.295753);false;
Birmingham;1850;Birmingham City Council;United Kingdom;(52.480174, -1.902907);false;
City of Ã†rÃ¸skÃ¸bing;58609;City of Ã†rÃ¸skÃ¸bing;Denmark;(54.891456, 10.404684);false;
Leicester;54529;City of Leicester;United Kingdom;(52.6333, -1.1333);false;
City of Wroclaw;54497;City of Wroclaw;Poland;(51.107885, 17.038538);false;
Bologna;36274;Comune di Bologna;Italy;(44.4856087, 11.3547975);false;
Padova;36494;Comune di Padova;Italy;(45.406958, 11.876386);false;
Funchal;50681;Funchal;Portugal;(32.666933, -16.924055);false;
GdaÅ„sk;58424;GdaÅ„sk;Poland;(54.352025, 18.646638);false;
Gladsaxe Kommune;59165;Gladsaxe Kommune;Denmark;(55.733461, 12.488686);false;
Hoeje-Taastrup Kommune;58489;Hoeje-Taastrup Kommune;Denmark;(55.656328, 12.2898);false;
HÃ¸rsholm Kommune;58797;HÃ¸rsholm Kommune;Denmark;(55.883514, 12.504924);false;
Landeshauptstadt Magdeburg;54443;Landeshauptstadt Magdeburg;Germany;(52.08889, 11.586164);false;
Sonderborg Kommune;58488;Sonderborg Kommune;Denmark;(54.913811, 9.792178);false;
Stadt ZÃ¼rich;35449;Stadt ZÃ¼rich;Switzerland;(47.3686498, 8.5391825);false;
Lausanne;54520;Ville de Lausanne;Switzerland;(46.5198, 6.6335);false;
Roma ;31110;Roma Capitale;Italy;(41.8723889, 12.4801802);true;
St Louis;35393;City of St Louis;USA;(38.6270025, -90.1994042);false;
Arlington, VA;55799;City of Arlington VA;USA;(37.226486, -76.002594);false;
Aurora, CO;55467;City of Aurora CO;USA;(39.7294, -104.8319);false;
Bellingham, WA;58636;City of Bellingham WA;USA;(48.74908, -122.478147);false;
Halifax;50543;Halifax Regional Municipality;Canada;(44.6478, -63.5714);false;
Cleveland;35859;City of Cleveland;USA;(41.49932, -81.6943605);false;
Lake Forest, IL;57616;City of Lake Forest IL;USA;(42.258634, -87.840625);false;
London, ON;50558;City of London ON;Canada;(42.9837, -81.2497);false;
Northampton, MA;58530;City of Northampton MA;USA;(42.304845, -72.614446);false;
Park City, UT;14344;City of Park City UT;USA;(40.6461, -111.498);false;
Richmond, VA;49334;City of Richmond VA;USA;(37.540725, -77.436048);false;
Somerville, MA;58531;City of Somerville MA;USA;(42.393449, -71.082647);false;
City of Winnipeg;50579;City of Winnipeg;Canada;(49.8997541, -97.1374937);false;
Yonkers;52893;City of Yonkers;USA;(40.9414, -73.8644);false;
Montreal;35894;Ville de Montreal;Canada;(45.5086699, -73.5539925);false;
Portland, OR;14874;City of Portland OR;USA;(45.52, -122.6819);true;
Seattle;16581;City of Seattle;USA;(47.6062095, -122.3320708);true;
District of Columbia;31090;District of Columbia;USA;(38.9071923, -77.0368707);true;
Suwon ;44185;Suwon City;South Korea;(37.2635727, 127.0286009);false;
Brisbane, CA;59595;City of Brisbane CA;USA;(37.6808, -122.4);false;
Hermosa Beach, CA;59612;City of Hermosa Beach CA;USA;(33.8622, -118.3995);false;
North Vancouver;59669;City of North Vancouver;Canada;(49.32699, -123.07328);false;
Vail, CO;59535;Town of Vail CO;USA;(39.6403, -106.3742);false;
Makati;54354;City Government of Makati;Philippines;(14.559004, 121.081632);false;
Ansan ;44191;Ansan City;South Korea;(37.321878, 126.830885);false;
Nagoya;35902;City of Nagoya;Japan;(35.181446, 136.906398);false;
Okayama;55179;City of Okayama;Japan;(34.655146, 133.919502);false;
Perth;43934;City of Perth;Australia;(56.394994, -3.430838);false;
Gwangyang ;44295;Gwangyang City;South Korea;(34.940697, 127.695888);false;
Hongcheon ;51105;Hongcheon County;South Korea;(37.696952, 127.888683);false;
Hsinchu ;54390;Hsinchu County Government;Taiwan;(24.8269, 121.0129);false;
Pingtung ;57347;Pingtung County Government;Taiwan;(22.551976, 120.54876);false;
Taipei City;31446;Taipei City Government;Taiwan;(25.037525, 121.563782);false;
Taoyuan ;54395;Taoyuan City Hall;Taiwan;(24.993628, 121.30098);false;
Uljin ;50716;Uljin County;South Korea;(36.993066, 129.400419);false;
Batangas;59996;Batangas City;Philippines;(13.756465, 121.058308);false;
LeÃ³n de los Aldamas;50359;Gobierno Municipal de LeÃ³n de los Aldamas;Mexico;(21.132751, -101.678184);false;
La Paz;50364;Municipalidad de La Paz;Bolivia;(-16.5, -68.15);false;
Lucca;36477;Comune di Lucca;Italy;(43.839917, 10.617374);false;
Frederikshavn Kommune;60577;Frederikshavn Kommune;Denmark;(57.442711, 10.521006);false;
Ajax, ON;60602;Town of Ajax ON;Canada;(43.850855, -79.020373);false;
Prince George, BC;60603;City of Prince George BC;Canada;(53.917064, -122.749669);false;
Piedmont, CA;60656;City of Piedmont CA;USA;(37.8244, -122.2316);false;
Stadt Heidelberg;31165;Stadt Heidelberg;Germany;(49.398752, 8.672434);true;
Davis, CA;59552;City of Davis CA;USA;(38.544907, -121.740517);false;
Hiroshima;49386;City of Hiroshima;Japan;(34.385203, 132.455293);false;
Nice CÃ´te d'Azur;50220;MÃ©tropole Nice CÃ´te d'Azur;France;(43.710173, 7.261953);false;
Incheon ;44182;Incheon Metropolitan City;South Korea;(37.456256, 126.705206);false;
Las Vegas;10495;City of Las Vegas;USA;(36.1699412, -115.1398296);false;
Bogor ;54329;Bogor City Government;Indonesia;(-6.597147, 106.806039);false;
RegiÃ³n Metropolitana de Santiago;31180;RegiÃ³n Metropolitana de Santiago;Chile;(-33.44889, -70.669265);true;
Jakarta ;31166;Jakarta City Government;Indonesia;(-6.2087634, 106.845599);true;
University City, MO;58628;University City, MO;USA;(38.6682, -90.3325);false;
Dallas;35860;City of Dallas;USA;(32.7801399, -96.8004511);false;
Ãgueda;55325;MunicÃ­pio de Ãgueda;Portugal;(40.575302, -8.445822);false;
BogotÃ¡ ;31154;BogotÃ¡ Distrito Capital;Colombia;(4.598056, -74.075833);true;
AlcaldÃ­a Metropolitana de Caracas;31159;AlcaldÃ­a Metropolitana de Caracas;Venezuela;(10.4696404, -66.8037185);true;
GuaratinguetÃ¡;54610;EstÃ¢ncia TurÃ­stica de GuaratinguetÃ¡;Brazil;(-22.808027, -45.19422);false;
Alton, IL;58627;City of Alton, IL;USA;(38.890604, -90.184276);false;
Tucson;49338;City of Tucson;USA;(32.2217, -110.9265);false;
HjÃ¸rring;58610;Municipality of HjÃ¸rring;Denmark;(57.456779, 9.995764);false;
Hermosa Beach, CA;59612;City of Hermosa Beach, CA;USA;(33.8622, -118.3995);false;
Porto Alegre;35880;Municipality of Porto Alegre;Brazil;(-3.672722, -45.3831);false;
Lagos;31167;City of Lagos;Nigeria;(6.524379, 3.379206);true;
Peterborough;54088;City of Peterborough;Canada;(44.309058, -78.319747);false;
Distrito Metropolitano de Quito;42178;Distrito Metropolitano de Quito;Ecuador;(-0.2333, -78.5167);true;
;;;;;;
;;;;;;
;;;;;;
;;;;;;
;;;;;;
;;;;;;
;;;;;;
;;;;;;
;;;;;;
;;;;;;
;;;;;;
;;;;;;
;;;;;;
;;;;;;
;;;;;;
;;;;;;
;;;;;;
;;;;;;
;;;;;;
;;;;;;
;;;;;;
;;;;;;
;;;;;;
;;;;;;
;;;;;;
;;;;;;
;;;;;;
;;;;;;
;;;;;;
;;;;;;
;;;;;;
;;;;;;
;;;;;;
;;;;;;
;;;;;;
;;;;;;
;;;;;;
;;;;;;
;;;;;;
;;;;;;
;;;;;;
;;;;;;
;;;;;;
;;;;;;
;;;;;;
;;;;;;
;;;;;;
;;;;;;
;;;;;;
;;;;;;
;;;;;;
;;;;;;
;;;;;;
;;;;;;
;;;;;;
;;;;;;
;;;;;;
;;;;;;
;;;;;;
;;;;;;
;;;;;;
;;;;;;
;;;;;;
;;;;;;
;;;;;;
;;;;;;
;;;;;;
;;;;;;
;;;;;;
;;;;;;
;;;;;;
;;;;;;
;;;;;;
;;;;;;
;;;;;;
;;;;;;
;;;;;;
;;;;;;
;;;;;;
;;;;;;
;;;;;;
;;;;;;
;;;;;;
;;;;;;
;;;;;;
;;;;;;
;;;;;;
;;;;;;
;;;;;;
;;;;;;
;;;;;;
;;;;;;
;;;;;;
;;;;;;
;;;;;;
;;;;;;
;;;;;;
;;;;;;
;;;;;;
;;;;;;
;;;;;;
;;;;;;
;;;;;;
;;;;;;
;;;;;;
;;;;;;
;;;;;;
;;;;;;
;;;;;;
;;;;;;
;;;;;;
;;;;;;
;;;;;;
;;;;;;
;;;;;;
;;;;;;
;;;;;;
;;;;;;
;;;;;;
;;;;;;
;;;;;;
;;;;;;
;;;;;;
;;;;;;
;;;;;;
;;;;;;
;;;;;;
;;;;;;
;;;;;;
;;;;;;
;;;;;;
;;;;;;
;;;;;;
;;;;;;
;;;;;;
;;;;;;
;;;;;;
;;;;;;
;;;;;;
;;;;;;
;;;;;;
;;;;;;
;;;;;;
;;;;;;
;;;;;;
;;;;;;
;;;;;;
;;;;;;
;;;;;;
;;;;;;
;;;;;;
;;;;;;
;;;;;;
;;;;;;
;;;;;;
;;;;;;
;;;;;;
;;;;;;
;;;;;;
;;;;;;
;;;;;;
;;;;;;
;;;;;;
;;;;;;
;;;;;;
;;;;;;
;;;;;;
;;;;;;
;;;;;;
;;;;;;
;;;;;;
;;;;;;
;;;;;;
;;;;;;
;;;;;;
;;;;;;
;;;;;;
;;;;;;
;;;;;;
;;;;;;
;;;;;;
;;;;;;
;;;;;;
;;;;;;
;;;;;;
;;;;;;
;;;;;;
;;;;;;
;;;;;;
;;;;;;
;;;;;;
;;;;;;
;;;;;;
;;;;;;
;;;;;;
;;;;;;
;;;;;;
;;;;;;
;;;;;;
;;;;;;
;;;;;;
;;;;;;
;;;;;;
;;;;;;
;;;;;;
;;;;;;
;;;;;;
;;;;;;
;;;;;;
;;;;;;
;;;;;;
;;;;;;
;;;;;;
;;;;;;
;;;;;;
;;;;;;
;;;;;;
;;;;;;
;;;;;;
;;;;;;
;;;;;;
;;;;;;
;;;;;;
;;;;;;
;;;;;;
;;;;;;
;;;;;;
;;;;;;
;;;;;;
;;;;;;
;;;;;;
;;;;;;
;;;;;;
;;;;;;
;;;;;;
;;;;;;
;;;;;;
;;;;;;
;;;;;;
;;;;;;
;;;;;;
;;;;;;
;;;;;;
;;;;;;
;;;;;;
;;;;;;
;;;;;;
;;;;;;
;;;;;;
;;;;;;
;;;;;;
;;;;;;
;;;;;;
;;;;;;
;;;;;;
;;;;;;
;;;;;;
;;;;;;
;;;;;;
;;;;;;
;;;;;;
;;;;;;
;;;;;;
;;;;;;
;;;;;;
;;;;;;
;;;;;;
;;;;;;
;;;;;;
;;;;;;
;;;;;;
;;;;;;
;;;;;;
;;;;;;
;;;;;;
;;;;;;
;;;;;;
;;;;;;
;;;;;;
;;;;;;
;;;;;;
;;;;;;
;;;;;;
;;;;;;
;;;;;;
;;;;;;
;;;;;;
;;;;;;
;;;;;;
;;;;;;
;;;;;;
;;;;;;
;;;;;;
;;;;;;
;;;;;;
;;;;;;
;;;;;;
;;;;;;
;;;;;;
;;;;;;
;;;;;;
;;;;;;
;;;;;;
;;;;;;
;;;;;;
;;;;;;
;;;;;;
;;;;;;
;;;;;;
;;;;;;
;;;;;;
;;;;;;
;;;;;;
;;;;;;
;;;;;;
;;;;;;
;;;;;;
;;;;;;
;;;;;;
;;;;;;
;;;;;;
;;;;;;
;;;;;;
;;;;;;
;;;;;;
;;;;;;
;;;;;;
;;;;;;
;;;;;;
;;;;;;
;;;;;;
;;;;;;
;;;;;;
;;;;;;
;;;;;;
;;;;;;
;;;;;;
;;;;;;
;;;;;;
;;;;;;
;;;;;;
;;;;;;
;;;;;;
;;;;;;
;;;;;;
;;;;;;
;;;;;;
;;;;;;
;;;;;;
;;;;;;
;;;;;;
;;;;;;
;;;;;;
;;;;;;
;;;;;;
;;;;;;
;;;;;;
;;;;;;
;;;;;;
;;;;;;
;;;;;;
;;;;;;
;;;;;;
;;;;;;
;;;;;;
;;;;;;
;;;;;;
;;;;;;
;;;;;;
;;;;;;
;;;;;;
;;;;;;
;;;;;;
;;;;;;
;;;;;;
;;;;;;
;;;;;;
;;;;;;
;;;;;;
;;;;;;
;;;;;;
;;;;;;
;;;;;;
;;;;;;
;;;;;;
;;;;;;
;;;;;;
;;;;;;
;;;;;;
;;;;;;
;;;;;;
;;;;;;
;;;;;;
;;;;;;
;;;;;;
;;;;;;
;;;;;;
;;;;;;
;;;;;;
;;;;;;
;;;;;;
;;;;;;
;;;;;;
;;;;;;
;;;;;;
;;;;;;
;;;;;;
;;;;;;
;;;;;;
;;;;;;
;;;;;;
;;;;;;
;;;;;;
;;;;;;
;;;;;;
;;;;;;
;;;;;;
;;;;;;
;;;;;;
;;;;;;
;;;;;;
;;;;;;
;;;;;;
;;;;;;
;;;;;;
;;;;;;
;;;;;;
;;;;;;
;;;;;;
;;;;;;
;;;;;;
;;;;;;
;;;;;;
;;;;;;
;;;;;;
;;;;;;
;;;;;;
;;;;;;
;;;;;;
;;;;;;
;;;;;;
;;;;;;
;;;;;;
;;;;;;
;;;;;;
;;;;;;
;;;;;;
;;;;;;
;;;;;;
;;;;;;
;;;;;;
;;;;;;
;;;;;;
;;;;;;
;;;;;;
;;;;;;
;;;;;;
;;;;;;
;;;;;;
;;;;;;
;;;;;;
;;;;;;
;;;;;;
;;;;;;
;;;;;;
;;;;;;
;;;;;;
;;;;;;
;;;;;;
;;;;;;
;;;;;;
;;;;;;
;;;;;;
;;;;;;
;;;;;;
;;;;;;
;;;;;;
;;;;;;
;;;;;;
;;;;;;
;;;;;;
;;;;;;
;;;;;;
;;;;;;
;;;;;;
;;;;;;
;;;;;;
;;;;;;
;;;;;;
;;;;;;
;;;;;;
;;;;;;
;;;;;;
;;;;;;
;;;;;;
;;;;;;
;;;;;;
;;;;;;
;;;;;;
;;;;;;
;;;;;;
;;;;;;
;;;;;;
;;;;;;
;;;;;;
;;;;;;
;;;;;;
;;;;;;
;;;;;;
;;;;;;
;;;;;;
;;;;;;
;;;;;;
;;;;;;
;;;;;;
;;;;;;
;;;;;;
;;;;;;
;;;;;;
;;;;;;
;;;;;;
;;;;;;
;;;;;;
;;;;;;
;;;;;;
;;;;;;
;;;;;;
;;;;;;
;;;;;;
;;;;;;
;;;;;;
;;;;;;
;;;;;;
;;;;;;
;;;;;;
;;;;;;
;;;;;;
;;;;;;
;;;;;;
;;;;;;
;;;;;;
;;;;;;
;;;;;;
;;;;;;
;;;;;;
;;;;;;
;;;;;;
;;;;;;
;;;;;;
;;;;;;
;;;;;;
;;;;;;
;;;;;;
;;;;;;
;;;;;;
;;;;;;
;;;;;;
;;;;;;
;;;;;;
;;;;;;
;;;;;;
;;;;;;
;;;;;;
;;;;;;
;;;;;;
;;;;;;
;;;;;;
;;;;;;
;;;;;;
;;;;;;
;;;;;;
;;;;;;
;;;;;;
;;;;;;
;;;;;;
;;;;;;
;;;;;;
;;;;;;
;;;;;;
;;;;;;
;;;;;;
;;;;;;
;;;;;;
;;;;;;
;;;;;;
;;;;;;
;;;;;;
;;;;;;
;;;;;;
;;;;;;
;;;;;;
;;;;;;
;;;;;;
;;;;;;
;;;;;;
;;;;;;
;;;;;;
;;;;;;
;;;;;;
;;;;;;
;;;;;;
;;;;;;
;;;;;;
;;;;;;
;;;;;;
;;;;;;
;;;;;;
;;;;;;
;;;;;;
;;;;;;
;;;;;;
;;;;;;
;;;;;;
;;;;;;
;;;;;;
;;;;;;
;;;;;;
;;;;;;
;;;;;;
;;;;;;
;;;;;;
;;;;;;
;;;;;;
;;;;;;
;;;;;;
;;;;;;
;;;;;;
;;;;;;
;;;;;;
;;;;;;
;;;;;;
;;;;;;
;;;;;;
;;;;;;
;;;;;;
;;;;;;
;;;;;;
;;;;;;
;;;;;;
;;;;;;
;;;;;;
;;;;;;
;;;;;;
;;;;;;
;;;;;;
;;;;;;
;;;;;;
;;;;;;
;;;;;;
;;;;;;
;;;;;;
;;;;;;
;;;;;;
;;;;;;
;;;;;;
;;;;;;
;;;;;;
;;;;;;
;;;;;;
;;;;;;
;;;;;;
;;;;;;
;;;;;;
;;;;;;
;;;;;;
;;;;;;
;;;;;;
;;;;;;
;;;;;;
;;;;;;
;;;;;;
;;;;;;
;;;;;;
;;;;;;
;;;;;;
;;;;;;
;;;;;;
;;;;;;
;;;;;;
;;;;;;
;;;;;;
;;;;;;
;;;;;;
;;;;;;
;;;;;;
;;;;;;
;;;;;;
;;;;;;
;;;;;;
;;;;;;
;;;;;;
;;;;;;
;;;;;;
;;;;;;
;;;;;;
;;;;;;
;;;;;;
;;;;;;
;;;;;;
;;;;;;
;;;;;;
;;;;;;
;;;;;;
;;;;;;
;;;;;;
;;;;;;
;;;;;;
;;;;;;
;;;;;;
;;;;;;
;;;;;;
;;;;;;
;;;;;;
;;;;;;
;;;;;;
;;;;;;
;;;;;;
;;;;;;
;;;;;;
;;;;;;
;;;;;;
;;;;;;
;;;;;;
;;;;;;
;;;;;;
;;;;;;
;;;;;;
;;;;;;
;;;;;;
;;;;;;
;;;;;;
;;;;;;
;;;;;;
;;;;;;
;;;;;;
;;;;;;
;;;;;;
;;;;;;
;;;;;;
;;;;;;
;;;;;;
;;;;;;
;;;;;;
;;;;;;
;;;;;;
;;;;;;
;;;;;;
;;;;;;
;;;;;;
;;;;;;
;;;;;;
;;;;;;
;;;;;;
;;;;;;
;;;;;;
;;;;;;
;;;;;;
;;;;;;
;;;;;;
;;;;;;
;;;;;;
;;;;;;
;;;;;;
;;;;;;
;;;;;;
;;;;;;
;;;;;;
;;;;;;
;;;;;;
;;;;;;
;;;;;;
;;;;;;
;;;;;;
;;;;;;
;;;;;;
;;;;;;
;;;;;;
;;;;;;
;;;;;;
;;;;;;
;;;;;;
;;;;;;
;;;;;;
;;;;;;
;;;;;;
;;;;;;
;;;;;;
;;;;;;
;;;;;;
;;;;;;
;;;;;;
;;;;;;
;;;;;;
;;;;;;
;;;;;;
;;;;;;
;;;;;;
;;;;;;
;;;;;;
;;;;;;
;;;;;;
;;;;;;
;;;;;;
;;;;;;
;;;;;;
;;;;;;
;;;;;;
;;;;;;
;;;;;;
;;;;;;
;;;;;;
;;;;;;
;;;;;;
;;;;;;
;;;;;;
;;;;;;
;;;;;;
;;;;;;
;;;;;;
;;;;;;
;;;;;;
;;;;;;
;;;;;;
;;;;;;
;;;;;;
;;;;;;
;;;;;;
;;;;;;
;;;;;;
;;;;;;
;;;;;;
;;;;;;
;;;;;;
;;;;;;
;;;;;;
;;;;;;
;;;;;;
;;;;;;
;;;;;;
;;;;;;
;;;;;;
;;;;;;
;;;;;;
;;;;;;
;;;;;;
;;;;;;
;;;;;;
;;;;;;
;;;;;;
;;;;;;
;;;;;;
;;;;;;
;;;;;;
;;;;;;
;;;;;;
;;;;;;
;;;;;;
;;;;;;
;;;;;;
;;;;;;
;;;;;;
;;;;;;
;;;;;;
;;;;;;
;;;;;;
;;;;;;
;;;;;;
;;;;;;
;;;;;;
;;;;;;
;;;;;;
;;;;;;
;;;;;;
;;;;;;
;;;;;;
;;;;;;
;;;;;;
;;;;;;
;;;;;;
;;;;;;
;;;;;;
;;;;;;
;;;;;;
;;;;;;
;;;;;;
;;;;;;
;;;;;;
;;;;;;
;;;;;;
;;;;;;
;;;;;;
;;;;;;
;;;;;;
;;;;;;
;;;;;;
;;;;;;
;;;;;;
;;;;;;
;;;;;;
;;;;;;
;;;;;;
;;;;;;
;;;;;;
;;;;;;
;;;;;;
;;;;;;
;;;;;;
;;;;;;
;;;;;;
;;;;;;
;;;;;;
;;;;;;
;;;;;;
;;;;;;
;;;;;;
;;;;;;
;;;;;;
;;;;;;
;;;;;;
;;;;;;
;;;;;;
;;;;;;
;;;;;;
;;;;;;
;;;;;;
;;;;;;
;;;;;;
;;;;;;
;;;;;;
;;;;;;
;;;;;;
;;;;;;
;;;;;;
;;;;;;
;;;;;;
;;;;;;
;;;;;;
;;;;;;
;;;;;;
;;;;;;
;;;;;;
;;;;;;
;;;;;;
;;;;;;
;;;;;;
;;;;;;
;;;;;;
;;;;;;
;;;;;;
;;;;;;
;;;;;;
;;;;;;
;;;;;;
;;;;;;
;;;;;;
;;;;;;
;;;;;;
;;;;;;
;;;;;;
;;;;;;
;;;;;;
;;;;;;
;;;;;;
;;;;;;
;;;;;;
;;;;;;
;;;;;;
;;;;;;
;;;;;;
;;;;;;
;;;;;;
;;;;;;
;;;;;;
;;;;;;
;;;;;;
;;;;;;
;;;;;;
;;;;;;
;;;;;;
;;;;;;
;;;;;;
;;;;;;
;;;;;;
;;;;;;
;;;;;;
;;;;;;
;;;;;;
;;;;;;
;;;;;;
;;;;;;
;;;;;;
;;;;;;
;;;;;;
;;;;;;
;;;;;;
;;;;;;
;;;;;;
;;;;;;
;;;;;;
;;;;;;
;;;;;;
;;;;;;
;;;;;;
;;;;;;
;;;;;;
;;;;;;
;;;;;;
;;;;;;
;;;;;;
;;;;;;
;;;;;;
;;;;;;
;;;;;;
;;;;;;
;;;;;;
;;;;;;
;;;;;;
;;;;;;
;;;;;;
;;;;;;
;;;;;;
;;;;;;
;;;;;;
;;;;;;
;;;;;;
;;;;;;
;;;;;;
;;;;;;
;;;;;;
;;;;;;
;;;;;;
;;;;;;
;;;;;;
;;;;;;
;;;;;;
;;;;;;
;;;;;;
;;;;;;
;;;;;;
;;;;;;
;;;;;;
;;;;;;
;;;;;;
;;;;;;
;;;;;;
;;;;;;
;;;;;;
;;;;;;
;;;;;;
;;;;;;
;;;;;;
;;;;;;
;;;;;;
;;;;;;
;;;;;;
;;;;;;
;;;;;;
;;;;;;
;;;;;;
;;;;;;
;;;;;;
;;;;;;
;;;;;;
;;;;;;
;;;;;;
;;;;;;
;;;;;;
;;;;;;
;;;;;;
;;;;;;
;;;;;;
;;;;;;
;;;;;;
;;;;;;
;;;;;;
;;;;;;
;;;;;;
;;;;;;
;;;;;;
;;;;;;
;;;;;;
;;;;;;
;;;;;;
;;;;;;
;;;;;;
;;;;;;
;;;;;;
;;;;;;
;;;;;;
;;;;;;
;;;;;;
;;;;;;
;;;;;;
;;;;;;
;;;;;;
;;;;;;
;;;;;;
;;;;;;
;;;;;;
;;;;;;
;;;;;;
;;;;;;
;;;;;;
;;;;;;
;;;;;;
;;;;;;
;;;;;;
;;;;;;
;;;;;;
;;;;;;
;;;;;;
;;;;;;
;;;;;;
;;;;;;
;;;;;;
;;;;;;
;;;;;;
;;;;;;
;;;;;;
;;;;;;
;;;;;;
;;;;;;
;;;;;;
;;;;;;
;;;;;;
;;;;;;
;;;;;;
;;;;;;
;;;;;;
;;;;;;
;;;;;;
;;;;;;
;;;;;;
;;;;;;
;;;;;;
;;;;;;
;;;;;;
;;;;;;
;;;;;;
;;;;;;
;;;;;;
;;;;;;
;;;;;;
;;;;;;
;;;;;;
;;;;;;
;;;;;;
;;;;;;
;;;;;;
;;;;;;
;;;;;;
;;;;;;
;;;;;;
;;;;;;
;;;;;;
;;;;;;
;;;;;;
;;;;;;
;;;;;;
;;;;;;
;;;;;;
;;;;;;
;;;;;;
;;;;;;
;;;;;;
;;;;;;
;;;;;;
;;;;;;
;;;;;;
;;;;;;
;;;;;;
;;;;;;
;;;;;;
;;;;;;
;;;;;;
;;;;;;
;;;;;;
;;;;;;
;;;;;;
;;;;;;
;;;;;;
;;;;;;
;;;;;;
;;;;;;
;;;;;;
;;;;;;
;;;;;;
;;;;;;
;;;;;;
;;;;;;
;;;;;;
;;;;;;
;;;;;;
;;;;;;
;;;;;;
;;;;;;
;;;;;;
;;;;;;
;;;;;;
;;;;;;
;;;;;;
;;;;;;
;;;;;;
;;;;;;
;;;;;;
;;;;;;
;;;;;;
;;;;;;
;;;;;;
;;;;;;
;;;;;;
;;;;;;
;;;;;;
;;;;;;
;;;;;;
;;;;;;
;;;;;;
;;;;;;
;;;;;;
;;;;;;
;;;;;;
;;;;;;
;;;;;;
;;;;;;
;;;;;;
;;;;;;
;;;;;;
;;;;;;
;;;;;;
;;;;;;
;;;;;;
;;;;;;
;;;;;;
;;;;;;
;;;;;;
;;;;;;
;;;;;;
;;;;;;
;;;;;;
;;;;;;
;;;;;;
;;;;;;
;;;;;;
;;;;;;
;;;;;;
;;;;;;
;;;;;;
;;;;;;
;;;;;;
;;;;;;
;;;;;;
;;;;;;
;;;;;;
;;;;;;
;;;;;;
;;;;;;
;;;;;;
;;;;;;
;;;;;;
;;;;;;
;;;;;;
;;;;;;
;;;;;;
;;;;;;
;;;;;;
;;;;;;
;;;;;;
;;;;;;
;;;;;;
;;;;;;
;;;;;;
;;;;;;
;;;;;;
;;;;;;
;;;;;;
;;;;;;
;;;;;;
;;;;;;
;;;;;;
;;;;;;
;;;;;;
;;;;;;
;;;;;;
;;;;;;
;;;;;;
;;;;;;
;;;;;;
;;;;;;
;;;;;;
;;;;;;
;;;;;;
;;;;;;
;;;;;;
;;;;;;
;;;;;;
;;;;;;
;;;;;;
;;;;;;
;;;;;;
;;;;;;
;;;;;;
;;;;;;
;;;;;;
;;;;;;
;;;;;;
;;;;;;
;;;;;;
;;;;;;
;;;;;;
;;;;;;
;;;;;;
;;;;;;
;;;;;;
;;;;;;
;;;;;;
;;;;;;
;;;;;;
;;;;;;
;;;;;;
;;;;;;
;;;;;;
;;;;;;
;;;;;;
;;;;;;
;;;;;;
;;;;;;
;;;;;;
;;;;;;
;;;;;;
;;;;;;
;;;;;;
;;;;;;
;;;;;;
;;;;;;
;;;;;;
;;;;;;
;;;;;;
;;;;;;
;;;;;;
